
****** Vivado v2025.1 (64-bit)
  **** SW Build 6140274 on Wed May 21 22:58:25 MDT 2025
  **** IP Build 6138677 on Thu May 22 03:10:11 MDT 2025
  **** SharedData Build 6139179 on Tue May 20 17:58:58 MDT 2025
  **** Start of session at: Mon Feb 16 15:55:44 2026
    ** Copyright 1986-2022 Xilinx, Inc. All Rights Reserved.
    ** Copyright 2022-2025 Advanced Micro Devices, Inc. All Rights Reserved.

source run_complete_build.tcl
# puts "========================================="
=========================================
# puts "COMPLETE BUILD FLOW"
COMPLETE BUILD FLOW
# puts "========================================="
=========================================
# open_project vivado_gui/oscilloscope_test.xpr
Scanning sources...
Finished scanning sources
WARNING: [Board 49-26] cannot add Board Part xilinx.com:zcu208ld:part0:2.0 available at /tools/Xilinx/2025.1/data/xhub/boards/XilinxBoardStore/boards/Xilinx/zcu208ld/production/2.0/board.xml as part xczu58dr-fsvg1517-2-i specified in board_part file is either invalid or not available
WARNING: [Board 49-26] cannot add Board Part xilinx.com:zcu216ld:part0:2.0 available at /tools/Xilinx/2025.1/data/xhub/boards/XilinxBoardStore/boards/Xilinx/zcu216ld/production/2.0/board.xml as part xczu59dr-ffvf1760-2-i specified in board_part file is either invalid or not available
WARNING: [Board 49-26] cannot add Board Part xilinx.com:zcu670ld:part0:1.0 available at /tools/Xilinx/2025.1/data/xhub/boards/XilinxBoardStore/boards/Xilinx/zcu670ld/1.0/board.xml as part xczu57dr-fsve1156-2-i specified in board_part file is either invalid or not available
WARNING: [Project 1-5713] Board part '' set for the project  is not found. BoardPart property will be unset. Please select board from latest repo build 
INFO: [IP_Flow 19-234] Refreshing IP repositories
INFO: [IP_Flow 19-1700] Loaded user IP repository '/home/testpc/fpga_asist_dev/validation_test/ax7010_fpga/18_ad9238_hdmi/auto_create_project/my_ip'.
INFO: [IP_Flow 19-2313] Loaded Vivado IP repository '/tools/Xilinx/2025.1/Vivado/data/ip'.
# reset_run synth_1
INFO: [Project 1-1161] Replacing file /home/testpc/fpga_asist_dev/validation_test/si5351_ad9238_hdmi_project/fpga/vivado_gui/oscilloscope_test.srcs/utils_1/imports/synth_1/si5351_ad9238_hdmi_top_test.dcp with file /home/testpc/fpga_asist_dev/validation_test/si5351_ad9238_hdmi_project/fpga/vivado_gui/oscilloscope_test.runs/synth_1/si5351_ad9238_hdmi_top_test.dcp
# reset_run impl_1
# update_compile_order -fileset sources_1
# puts "\n========================================="

=========================================
# puts "STEP 1: SYNTHESIS"
STEP 1: SYNTHESIS
# puts "========================================="
=========================================
# launch_runs synth_1
INFO: [Vivado 12-4149] The synthesis checkpoint for IP '/home/testpc/fpga_asist_dev/validation_test/si5351_ad9238_hdmi_project/fpga/vivado_gui/oscilloscope_test.srcs/sources_1/ip/clk_wiz_0/clk_wiz_0.xci' is already up-to-date
[Mon Feb 16 15:55:47 2026] Launched synth_1...
Run output will be captured here: /home/testpc/fpga_asist_dev/validation_test/si5351_ad9238_hdmi_project/fpga/vivado_gui/oscilloscope_test.runs/synth_1/runme.log
# wait_on_run synth_1
[Mon Feb 16 15:55:47 2026] Waiting for synth_1 to finish...

*** Running vivado
    with args -log si5351_ad9238_hdmi_top_test.vds -m64 -product Vivado -mode batch -messageDb vivado.pb -notrace -source si5351_ad9238_hdmi_top_test.tcl


****** Vivado v2025.1 (64-bit)
  **** SW Build 6140274 on Wed May 21 22:58:25 MDT 2025
  **** IP Build 6138677 on Thu May 22 03:10:11 MDT 2025
  **** SharedData Build 6139179 on Tue May 20 17:58:58 MDT 2025
  **** Start of session at: Mon Feb 16 15:55:48 2026
    ** Copyright 1986-2022 Xilinx, Inc. All Rights Reserved.
    ** Copyright 2022-2025 Advanced Micro Devices, Inc. All Rights Reserved.

source si5351_ad9238_hdmi_top_test.tcl -notrace
INFO: [IP_Flow 19-234] Refreshing IP repositories
INFO: [IP_Flow 19-1700] Loaded user IP repository '/home/testpc/fpga_asist_dev/validation_test/ax7010_fpga/18_ad9238_hdmi/auto_create_project/my_ip'.
INFO: [IP_Flow 19-2313] Loaded Vivado IP repository '/tools/Xilinx/2025.1/Vivado/data/ip'.
Command: read_checkpoint -auto_incremental -incremental /home/testpc/fpga_asist_dev/validation_test/si5351_ad9238_hdmi_project/fpga/vivado_gui/oscilloscope_test.srcs/utils_1/imports/synth_1/si5351_ad9238_hdmi_top_test.dcp
INFO: [Vivado 12-5825] Read reference checkpoint from /home/testpc/fpga_asist_dev/validation_test/si5351_ad9238_hdmi_project/fpga/vivado_gui/oscilloscope_test.srcs/utils_1/imports/synth_1/si5351_ad9238_hdmi_top_test.dcp for incremental synthesis
INFO: [Vivado 12-7989] Please ensure there are no constraint changes
Command: synth_design -top si5351_ad9238_hdmi_top_test -part xc7z010clg400-1
Starting synth_design
Attempting to get a license for feature 'Synthesis' and/or device 'xc7z010'
INFO: [Common 17-349] Got license for feature 'Synthesis' and/or device 'xc7z010'
INFO: [Device 21-403] Loading part xc7z010clg400-1
INFO: [Designutils 20-5440] No compile time benefit to using incremental synthesis; A full resynthesis will be run
INFO: [Designutils 20-4379] Flow is switching to default flow due to incremental criteria not met. If you would like to alter this behaviour and have the flow terminate instead, please set the following parameter config_implementation {autoIncr.Synth.RejectBehavior Terminate}
INFO: [Synth 8-7079] Multithreading enabled for synth_design using a maximum of 7 processes.
INFO: [Synth 8-7078] Launching helper process for spawning children vivado processes
INFO: [Synth 8-7075] Helper process launched with PID 2708922
---------------------------------------------------------------------------------
Starting RTL Elaboration : Time (s): cpu = 00:00:02 ; elapsed = 00:00:02 . Memory (MB): peak = 2251.816 ; gain = 449.711 ; free physical = 4461 ; free virtual = 13630
---------------------------------------------------------------------------------
INFO: [Synth 8-6157] synthesizing module 'si5351_ad9238_hdmi_top_test' [/home/testpc/fpga_asist_dev/validation_test/si5351_ad9238_hdmi_project/fpga/src/top_simplified.v:8]
INFO: [Synth 8-6157] synthesizing module 'clk_wiz_0' [/home/testpc/fpga_asist_dev/validation_test/si5351_ad9238_hdmi_project/fpga/vivado_gui/oscilloscope_test.runs/synth_1/.Xil/Vivado-2708867-testpc-MS-7D98/realtime/clk_wiz_0_stub.v:6]
INFO: [Synth 8-6155] done synthesizing module 'clk_wiz_0' (0#1) [/home/testpc/fpga_asist_dev/validation_test/si5351_ad9238_hdmi_project/fpga/vivado_gui/oscilloscope_test.runs/synth_1/.Xil/Vivado-2708867-testpc-MS-7D98/realtime/clk_wiz_0_stub.v:6]
INFO: [Synth 8-6157] synthesizing module 'test_square_wave_gen' [/home/testpc/fpga_asist_dev/validation_test/si5351_ad9238_hdmi_project/fpga/src/test_square_wave_gen.v:8]
	Parameter CLK_FREQ_MHZ bound to: 65 - type: integer 
	Parameter WAVE_FREQ_KHZ bound to: 100 - type: integer 
INFO: [Synth 8-6155] done synthesizing module 'test_square_wave_gen' (0#1) [/home/testpc/fpga_asist_dev/validation_test/si5351_ad9238_hdmi_project/fpga/src/test_square_wave_gen.v:8]
INFO: [Synth 8-6157] synthesizing module 'waveform_display' [/home/testpc/fpga_asist_dev/validation_test/si5351_ad9238_hdmi_project/fpga/src/waveform_display.v:7]
INFO: [Synth 8-6155] done synthesizing module 'waveform_display' (0#1) [/home/testpc/fpga_asist_dev/validation_test/si5351_ad9238_hdmi_project/fpga/src/waveform_display.v:7]
INFO: [Synth 8-6157] synthesizing module 'rgb2dvi_0' [/home/testpc/fpga_asist_dev/validation_test/si5351_ad9238_hdmi_project/fpga/vivado_gui/oscilloscope_test.runs/synth_1/.Xil/Vivado-2708867-testpc-MS-7D98/realtime/rgb2dvi_0_stub.v:6]
INFO: [Synth 8-6155] done synthesizing module 'rgb2dvi_0' (0#1) [/home/testpc/fpga_asist_dev/validation_test/si5351_ad9238_hdmi_project/fpga/vivado_gui/oscilloscope_test.runs/synth_1/.Xil/Vivado-2708867-testpc-MS-7D98/realtime/rgb2dvi_0_stub.v:6]
WARNING: [Synth 8-7071] port 'oen' of module 'rgb2dvi_0' is unconnected for instance 'hdmi_encoder' [/home/testpc/fpga_asist_dev/validation_test/si5351_ad9238_hdmi_project/fpga/src/top_simplified.v:105]
WARNING: [Synth 8-7023] instance 'hdmi_encoder' of module 'rgb2dvi_0' has 12 connections declared, but only 11 given [/home/testpc/fpga_asist_dev/validation_test/si5351_ad9238_hdmi_project/fpga/src/top_simplified.v:105]
INFO: [Synth 8-6155] done synthesizing module 'si5351_ad9238_hdmi_top_test' (0#1) [/home/testpc/fpga_asist_dev/validation_test/si5351_ad9238_hdmi_project/fpga/src/top_simplified.v:8]
WARNING: [Synth 8-3917] design si5351_ad9238_hdmi_top_test has port hdmi_oen driven by constant 1
---------------------------------------------------------------------------------
Finished RTL Elaboration : Time (s): cpu = 00:00:02 ; elapsed = 00:00:03 . Memory (MB): peak = 2326.785 ; gain = 524.680 ; free physical = 4366 ; free virtual = 13536
---------------------------------------------------------------------------------
---------------------------------------------------------------------------------
Start Handling Custom Attributes
---------------------------------------------------------------------------------
---------------------------------------------------------------------------------
Finished Handling Custom Attributes : Time (s): cpu = 00:00:03 ; elapsed = 00:00:03 . Memory (MB): peak = 2341.629 ; gain = 539.523 ; free physical = 4366 ; free virtual = 13536
---------------------------------------------------------------------------------
---------------------------------------------------------------------------------
Finished RTL Optimization Phase 1 : Time (s): cpu = 00:00:03 ; elapsed = 00:00:03 . Memory (MB): peak = 2341.629 ; gain = 539.523 ; free physical = 4366 ; free virtual = 13536
---------------------------------------------------------------------------------
Netlist sorting complete. Time (s): cpu = 00:00:00 ; elapsed = 00:00:00 . Memory (MB): peak = 2341.629 ; gain = 0.000 ; free physical = 4366 ; free virtual = 13536
INFO: [Project 1-570] Preparing netlist for logic optimization

Processing XDC Constraints
Initializing timing engine
Parsing XDC File [/home/testpc/fpga_asist_dev/validation_test/si5351_ad9238_hdmi_project/fpga/vivado_gui/oscilloscope_test.gen/sources_1/ip/clk_wiz_0/clk_wiz_0/clk_wiz_0_in_context.xdc] for cell 'pll_inst'
Finished Parsing XDC File [/home/testpc/fpga_asist_dev/validation_test/si5351_ad9238_hdmi_project/fpga/vivado_gui/oscilloscope_test.gen/sources_1/ip/clk_wiz_0/clk_wiz_0/clk_wiz_0_in_context.xdc] for cell 'pll_inst'
Parsing XDC File [/home/testpc/fpga_asist_dev/validation_test/si5351_ad9238_hdmi_project/fpga/vivado_gui/oscilloscope_test.gen/sources_1/ip/rgb2dvi_0/rgb2dvi_0/rgb2dvi_0_in_context.xdc] for cell 'hdmi_encoder'
Finished Parsing XDC File [/home/testpc/fpga_asist_dev/validation_test/si5351_ad9238_hdmi_project/fpga/vivado_gui/oscilloscope_test.gen/sources_1/ip/rgb2dvi_0/rgb2dvi_0/rgb2dvi_0_in_context.xdc] for cell 'hdmi_encoder'
Parsing XDC File [/home/testpc/fpga_asist_dev/validation_test/si5351_ad9238_hdmi_project/fpga/constraints/pins.xdc]
Finished Parsing XDC File [/home/testpc/fpga_asist_dev/validation_test/si5351_ad9238_hdmi_project/fpga/constraints/pins.xdc]
INFO: [Project 1-236] Implementation specific constraints were found while reading constraint file [/home/testpc/fpga_asist_dev/validation_test/si5351_ad9238_hdmi_project/fpga/constraints/pins.xdc]. These constraints will be ignored for synthesis but will be used in implementation. Impacted constraints are listed in the file [.Xil/si5351_ad9238_hdmi_top_test_propImpl.xdc].
Resolution: To avoid this warning, move constraints listed in [.Xil/si5351_ad9238_hdmi_top_test_propImpl.xdc] to another XDC file and exclude this new file from synthesis with the used_in_synthesis property (File Properties dialog in GUI) and re-run elaboration/synthesis.
Parsing XDC File [/home/testpc/fpga_asist_dev/validation_test/si5351_ad9238_hdmi_project/fpga/vivado_gui/oscilloscope_test.runs/synth_1/dont_touch.xdc]
Finished Parsing XDC File [/home/testpc/fpga_asist_dev/validation_test/si5351_ad9238_hdmi_project/fpga/vivado_gui/oscilloscope_test.runs/synth_1/dont_touch.xdc]
Completed Processing XDC Constraints

Netlist sorting complete. Time (s): cpu = 00:00:00 ; elapsed = 00:00:00 . Memory (MB): peak = 2467.367 ; gain = 0.000 ; free physical = 4391 ; free virtual = 13561
INFO: [Project 1-111] Unisim Transformation Summary:
No Unisim elements were transformed.

Constraint Validation Runtime : Time (s): cpu = 00:00:00.01 ; elapsed = 00:00:00 . Memory (MB): peak = 2467.402 ; gain = 0.000 ; free physical = 4391 ; free virtual = 13561
INFO: [Designutils 20-5440] No compile time benefit to using incremental synthesis; A full resynthesis will be run
INFO: [Designutils 20-4379] Flow is switching to default flow due to incremental criteria not met. If you would like to alter this behaviour and have the flow terminate instead, please set the following parameter config_implementation {autoIncr.Synth.RejectBehavior Terminate}
---------------------------------------------------------------------------------
Finished Constraint Validation : Time (s): cpu = 00:00:05 ; elapsed = 00:00:05 . Memory (MB): peak = 2467.402 ; gain = 665.297 ; free physical = 4457 ; free virtual = 13627
---------------------------------------------------------------------------------
---------------------------------------------------------------------------------
Start Loading Part and Timing Information
---------------------------------------------------------------------------------
Loading part: xc7z010clg400-1
---------------------------------------------------------------------------------
Finished Loading Part and Timing Information : Time (s): cpu = 00:00:05 ; elapsed = 00:00:05 . Memory (MB): peak = 2475.371 ; gain = 673.266 ; free physical = 4457 ; free virtual = 13627
---------------------------------------------------------------------------------
---------------------------------------------------------------------------------
Start Applying 'set_property' XDC Constraints
---------------------------------------------------------------------------------
---------------------------------------------------------------------------------
Finished applying 'set_property' XDC Constraints : Time (s): cpu = 00:00:05 ; elapsed = 00:00:05 . Memory (MB): peak = 2475.371 ; gain = 673.266 ; free physical = 4457 ; free virtual = 13627
---------------------------------------------------------------------------------
---------------------------------------------------------------------------------
Finished RTL Optimization Phase 2 : Time (s): cpu = 00:00:06 ; elapsed = 00:00:06 . Memory (MB): peak = 2475.371 ; gain = 673.266 ; free physical = 4463 ; free virtual = 13634
---------------------------------------------------------------------------------
---------------------------------------------------------------------------------
Start RTL Component Statistics 
---------------------------------------------------------------------------------
Detailed RTL Component Info : 
+---Adders : 
	   2 Input   32 Bit       Adders := 1     
	   2 Input   12 Bit       Adders := 2     
	   2 Input   11 Bit       Adders := 2     
	   2 Input   10 Bit       Adders := 1     
	   2 Input    9 Bit       Adders := 1     
+---Registers : 
	               24 Bit    Registers := 1     
	               16 Bit    Registers := 1     
	               12 Bit    Registers := 1     
	               11 Bit    Registers := 3     
	               10 Bit    Registers := 4     
	                1 Bit    Registers := 2     
+---RAMs : 
	              10K Bit	(1024 X 10 bit)          RAMs := 1     
+---Muxes : 
	   4 Input   23 Bit        Muxes := 1     
	   2 Input   11 Bit        Muxes := 2     
	   2 Input    9 Bit        Muxes := 1     
---------------------------------------------------------------------------------
Finished RTL Component Statistics 
---------------------------------------------------------------------------------
---------------------------------------------------------------------------------
Start Part Resource Summary
---------------------------------------------------------------------------------
Part Resources:
DSPs: 80 (col length:40)
BRAMs: 120 (col length: RAMB18 40 RAMB36 20)
---------------------------------------------------------------------------------
Finished Part Resource Summary
---------------------------------------------------------------------------------
---------------------------------------------------------------------------------
Start Cross Boundary and Area Optimization
---------------------------------------------------------------------------------
WARNING: [Synth 8-7080] Parallel synthesis criteria is not met
DSP Report: Generating DSP display_inst/sample_y1, operation Mode is: A*(B:0x2d0).
DSP Report: operator display_inst/sample_y1 is absorbed into DSP display_inst/sample_y1.
WARNING: [Synth 8-3917] design si5351_ad9238_hdmi_top_test has port hdmi_oen driven by constant 1
---------------------------------------------------------------------------------
Finished Cross Boundary and Area Optimization : Time (s): cpu = 00:00:07 ; elapsed = 00:00:07 . Memory (MB): peak = 2475.371 ; gain = 673.266 ; free physical = 4468 ; free virtual = 13643
---------------------------------------------------------------------------------
 Sort Area is  display_inst/sample_y1_0 : 0 0 : 160 160 : Used 1 time 0
---------------------------------------------------------------------------------
Start ROM, RAM, DSP, Shift Register and Retiming Reporting
---------------------------------------------------------------------------------

Block RAM: Preliminary Mapping Report (see note below)
+----------------------------+-------------------+------------------------+---+---+------------------------+---+---+------------------+--------+--------+
|Module Name                 | RTL Object        | PORT A (Depth x Width) | W | R | PORT B (Depth x Width) | W | R | Ports driving FF | RAMB18 | RAMB36 | 
+----------------------------+-------------------+------------------------+---+---+------------------------+---+---+------------------+--------+--------+
|si5351_ad9238_hdmi_top_test | sample_buffer_reg | 1 K x 10(NO_CHANGE)    | W |   | 1 K x 10(WRITE_FIRST)  |   | R | Port A and B     | 1      | 0      | 
+----------------------------+-------------------+------------------------+---+---+------------------------+---+---+------------------+--------+--------+

Note: The table above is a preliminary report that shows the Block RAMs at the current stage of the synthesis flow. Some Block RAMs may be reimplemented as non Block RAM primitives later in the synthesis flow. Multiple instantiated Block RAMs are reported only once. 

DSP: Preliminary Mapping Report (see note below. The ' indicates corresponding REG is set)
+-----------------+-------------+--------+--------+--------+--------+--------+------+------+------+------+-------+------+------+
|Module Name      | DSP Mapping | A Size | B Size | C Size | D Size | P Size | AREG | BREG | CREG | DREG | ADREG | MREG | PREG | 
+-----------------+-------------+--------+--------+--------+--------+--------+------+------+------+------+-------+------+------+
|waveform_display | A*(B:0x2d0) | 10     | 10     | -      | -      | 20     | 0    | 0    | -    | -    | -     | 0    | 0    | 
+-----------------+-------------+--------+--------+--------+--------+--------+------+------+------+------+-------+------+------+

Note: The table above is a preliminary report that shows the DSPs inferred at the current stage of the synthesis flow. Some DSP may be reimplemented as non DSP primitives later in the synthesis flow. Multiple instantiated DSPs are reported only once.
---------------------------------------------------------------------------------
Finished ROM, RAM, DSP, Shift Register and Retiming Reporting
---------------------------------------------------------------------------------
---------------------------------------------------------------------------------
Start Applying XDC Timing Constraints
---------------------------------------------------------------------------------
---------------------------------------------------------------------------------
Finished Applying XDC Timing Constraints : Time (s): cpu = 00:00:09 ; elapsed = 00:00:10 . Memory (MB): peak = 2548.371 ; gain = 746.266 ; free physical = 4399 ; free virtual = 13574
---------------------------------------------------------------------------------
---------------------------------------------------------------------------------
Start Timing Optimization
---------------------------------------------------------------------------------
---------------------------------------------------------------------------------
Finished Timing Optimization : Time (s): cpu = 00:00:10 ; elapsed = 00:00:10 . Memory (MB): peak = 2582.418 ; gain = 780.312 ; free physical = 4367 ; free virtual = 13543
---------------------------------------------------------------------------------
---------------------------------------------------------------------------------
Start ROM, RAM, DSP, Shift Register and Retiming Reporting
---------------------------------------------------------------------------------

Block RAM: Final Mapping Report
+----------------------------+-------------------+------------------------+---+---+------------------------+---+---+------------------+--------+--------+
|Module Name                 | RTL Object        | PORT A (Depth x Width) | W | R | PORT B (Depth x Width) | W | R | Ports driving FF | RAMB18 | RAMB36 | 
+----------------------------+-------------------+------------------------+---+---+------------------------+---+---+------------------+--------+--------+
|si5351_ad9238_hdmi_top_test | sample_buffer_reg | 1 K x 10(NO_CHANGE)    | W |   | 1 K x 10(WRITE_FIRST)  |   | R | Port A and B     | 1      | 0      | 
+----------------------------+-------------------+------------------------+---+---+------------------------+---+---+------------------+--------+--------+

---------------------------------------------------------------------------------
Finished ROM, RAM, DSP, Shift Register and Retiming Reporting
---------------------------------------------------------------------------------
---------------------------------------------------------------------------------
Start Technology Mapping
---------------------------------------------------------------------------------
INFO: [Synth 8-7052] The timing for the instance sample_buffer_reg (implemented as a Block RAM) might be sub-optimal as no optional output register could be merged into the ram block. Providing additional output register may help in improving timing.
---------------------------------------------------------------------------------
Finished Technology Mapping : Time (s): cpu = 00:00:10 ; elapsed = 00:00:10 . Memory (MB): peak = 2582.418 ; gain = 780.312 ; free physical = 4367 ; free virtual = 13544
---------------------------------------------------------------------------------
---------------------------------------------------------------------------------
Start IO Insertion
---------------------------------------------------------------------------------
---------------------------------------------------------------------------------
Start Flattening Before IO Insertion
---------------------------------------------------------------------------------
---------------------------------------------------------------------------------
Finished Flattening Before IO Insertion
---------------------------------------------------------------------------------
---------------------------------------------------------------------------------
Start Final Netlist Cleanup
---------------------------------------------------------------------------------
---------------------------------------------------------------------------------
Finished Final Netlist Cleanup
---------------------------------------------------------------------------------
---------------------------------------------------------------------------------
Finished IO Insertion : Time (s): cpu = 00:00:11 ; elapsed = 00:00:11 . Memory (MB): peak = 2739.230 ; gain = 937.125 ; free physical = 4256 ; free virtual = 13430
---------------------------------------------------------------------------------
---------------------------------------------------------------------------------
Start Renaming Generated Instances
---------------------------------------------------------------------------------
---------------------------------------------------------------------------------
Finished Renaming Generated Instances : Time (s): cpu = 00:00:11 ; elapsed = 00:00:11 . Memory (MB): peak = 2739.230 ; gain = 937.125 ; free physical = 4256 ; free virtual = 13430
---------------------------------------------------------------------------------
---------------------------------------------------------------------------------
Start Rebuilding User Hierarchy
---------------------------------------------------------------------------------
---------------------------------------------------------------------------------
Finished Rebuilding User Hierarchy : Time (s): cpu = 00:00:11 ; elapsed = 00:00:11 . Memory (MB): peak = 2739.230 ; gain = 937.125 ; free physical = 4256 ; free virtual = 13430
---------------------------------------------------------------------------------
---------------------------------------------------------------------------------
Start Renaming Generated Ports
---------------------------------------------------------------------------------
---------------------------------------------------------------------------------
Finished Renaming Generated Ports : Time (s): cpu = 00:00:11 ; elapsed = 00:00:11 . Memory (MB): peak = 2739.230 ; gain = 937.125 ; free physical = 4256 ; free virtual = 13430
---------------------------------------------------------------------------------
---------------------------------------------------------------------------------
Start Handling Custom Attributes
---------------------------------------------------------------------------------
---------------------------------------------------------------------------------
Finished Handling Custom Attributes : Time (s): cpu = 00:00:11 ; elapsed = 00:00:11 . Memory (MB): peak = 2742.199 ; gain = 940.094 ; free physical = 4256 ; free virtual = 13430
---------------------------------------------------------------------------------
---------------------------------------------------------------------------------
Start Renaming Generated Nets
---------------------------------------------------------------------------------
---------------------------------------------------------------------------------
Finished Renaming Generated Nets : Time (s): cpu = 00:00:11 ; elapsed = 00:00:11 . Memory (MB): peak = 2742.199 ; gain = 940.094 ; free physical = 4256 ; free virtual = 13430
---------------------------------------------------------------------------------
---------------------------------------------------------------------------------
Start Writing Synthesis Report
---------------------------------------------------------------------------------

DSP Final Report (the ' indicates corresponding REG is set)
+-----------------+-------------+--------+--------+--------+--------+--------+------+------+------+------+-------+------+------+
|Module Name      | DSP Mapping | A Size | B Size | C Size | D Size | P Size | AREG | BREG | CREG | DREG | ADREG | MREG | PREG | 
+-----------------+-------------+--------+--------+--------+--------+--------+------+------+------+------+-------+------+------+
|waveform_display | A*B         | 10     | 10     | -      | -      | 20     | 0    | 0    | -    | -    | -     | 0    | 0    | 
+-----------------+-------------+--------+--------+--------+--------+--------+------+------+------+------+-------+------+------+


Report BlackBoxes: 
+------+--------------+----------+
|      |BlackBox name |Instances |
+------+--------------+----------+
|1     |clk_wiz_0     |         1|
|2     |rgb2dvi_0     |         1|
+------+--------------+----------+

Report Cell Usage: 
+------+---------+------+
|      |Cell     |Count |
+------+---------+------+
|1     |clk_wiz  |     1|
|2     |rgb2dvi  |     1|
|3     |CARRY4   |    25|
|4     |DSP48E1  |     1|
|5     |LUT1     |     8|
|6     |LUT2     |    39|
|7     |LUT3     |    30|
|8     |LUT4     |    42|
|9     |LUT5     |    47|
|10    |LUT6     |    72|
|11    |RAMB18E1 |     1|
|12    |FDCE     |    61|
|13    |FDRE     |    20|
|14    |IBUF     |     1|
|15    |OBUF     |     2|
+------+---------+------+
---------------------------------------------------------------------------------
Finished Writing Synthesis Report : Time (s): cpu = 00:00:11 ; elapsed = 00:00:11 . Memory (MB): peak = 2742.199 ; gain = 940.094 ; free physical = 4256 ; free virtual = 13430
---------------------------------------------------------------------------------
Synthesis finished with 0 errors, 0 critical warnings and 2 warnings.
Synthesis Optimization Runtime : Time (s): cpu = 00:00:11 ; elapsed = 00:00:11 . Memory (MB): peak = 2742.199 ; gain = 814.320 ; free physical = 4270 ; free virtual = 13443
Synthesis Optimization Complete : Time (s): cpu = 00:00:11 ; elapsed = 00:00:11 . Memory (MB): peak = 2742.207 ; gain = 940.094 ; free physical = 4270 ; free virtual = 13443
INFO: [Project 1-571] Translating synthesized netlist
Netlist sorting complete. Time (s): cpu = 00:00:00 ; elapsed = 00:00:00 . Memory (MB): peak = 2742.207 ; gain = 0.000 ; free physical = 4270 ; free virtual = 13444
INFO: [Netlist 29-17] Analyzing 27 Unisim elements for replacement
INFO: [Netlist 29-28] Unisim Transformation completed in 0 CPU seconds
INFO: [Project 1-570] Preparing netlist for logic optimization
INFO: [Opt 31-138] Pushed 0 inverter(s) to 0 load pin(s).
Netlist sorting complete. Time (s): cpu = 00:00:00 ; elapsed = 00:00:00 . Memory (MB): peak = 2798.227 ; gain = 0.000 ; free physical = 4430 ; free virtual = 13604
INFO: [Project 1-111] Unisim Transformation Summary:
No Unisim elements were transformed.

Synth Design complete | Checksum: c5743bed
INFO: [Common 17-83] Releasing license: Synthesis
35 Infos, 5 Warnings, 0 Critical Warnings and 0 Errors encountered.
synth_design completed successfully
synth_design: Time (s): cpu = 00:00:15 ; elapsed = 00:00:14 . Memory (MB): peak = 2798.262 ; gain = 1160.570 ; free physical = 4430 ; free virtual = 13603
INFO: [Common 17-2834] synth_design peak Physical Memory [PSS] (MB): overall = 1819.431; main = 1756.433; forked = 211.951
INFO: [Common 17-2834] synth_design peak Virtual Memory [VSS] (MB): overall = 3553.105; main = 2798.230; forked = 970.684
Write ShapeDB Complete: Time (s): cpu = 00:00:00 ; elapsed = 00:00:00 . Memory (MB): peak = 2822.238 ; gain = 0.000 ; free physical = 4430 ; free virtual = 13603
INFO: [Common 17-1381] The checkpoint '/home/testpc/fpga_asist_dev/validation_test/si5351_ad9238_hdmi_project/fpga/vivado_gui/oscilloscope_test.runs/synth_1/si5351_ad9238_hdmi_top_test.dcp' has been generated.
INFO: [Vivado 12-24828] Executing command : report_utilization -file si5351_ad9238_hdmi_top_test_utilization_synth.rpt -pb si5351_ad9238_hdmi_top_test_utilization_synth.pb
INFO: [Common 17-206] Exiting Vivado at Mon Feb 16 15:56:05 2026...
[Mon Feb 16 15:56:11 2026] synth_1 finished
wait_on_runs: Time (s): cpu = 00:00:23 ; elapsed = 00:00:24 . Memory (MB): peak = 1643.383 ; gain = 0.000 ; free physical = 6104 ; free virtual = 15271
# set synth_status [get_property STATUS [get_runs synth_1]]
# puts "Synthesis Status: $synth_status"
Synthesis Status: synth_design Complete!
# if {$synth_status != "synth_design Complete!"} {
#     puts "❌ SYNTHESIS FAILED!"
#     exit 1
# }
# puts "✅ SYNTHESIS BAŞARILI!"
✅ SYNTHESIS BAŞARILI!
# puts "\n========================================="

=========================================
# puts "STEP 2: IMPLEMENTATION"
STEP 2: IMPLEMENTATION
# puts "========================================="
=========================================
# launch_runs impl_1
INFO: [Vivado 12-4149] The synthesis checkpoint for IP '/home/testpc/fpga_asist_dev/validation_test/si5351_ad9238_hdmi_project/fpga/vivado_gui/oscilloscope_test.srcs/sources_1/ip/clk_wiz_0/clk_wiz_0.xci' is already up-to-date
[Mon Feb 16 15:56:11 2026] Launched impl_1...
Run output will be captured here: /home/testpc/fpga_asist_dev/validation_test/si5351_ad9238_hdmi_project/fpga/vivado_gui/oscilloscope_test.runs/impl_1/runme.log
# wait_on_run impl_1
[Mon Feb 16 15:56:11 2026] Waiting for impl_1 to finish...

*** Running vivado
    with args -log si5351_ad9238_hdmi_top_test.vdi -applog -m64 -product Vivado -messageDb vivado.pb -mode batch -source si5351_ad9238_hdmi_top_test.tcl -notrace


****** Vivado v2025.1 (64-bit)
  **** SW Build 6140274 on Wed May 21 22:58:25 MDT 2025
  **** IP Build 6138677 on Thu May 22 03:10:11 MDT 2025
  **** SharedData Build 6139179 on Tue May 20 17:58:58 MDT 2025
  **** Start of session at: Mon Feb 16 15:56:12 2026
    ** Copyright 1986-2022 Xilinx, Inc. All Rights Reserved.
    ** Copyright 2022-2025 Advanced Micro Devices, Inc. All Rights Reserved.

source si5351_ad9238_hdmi_top_test.tcl -notrace
INFO: [IP_Flow 19-234] Refreshing IP repositories
INFO: [IP_Flow 19-1700] Loaded user IP repository '/home/testpc/fpga_asist_dev/validation_test/ax7010_fpga/18_ad9238_hdmi/auto_create_project/my_ip'.
INFO: [IP_Flow 19-2313] Loaded Vivado IP repository '/tools/Xilinx/2025.1/Vivado/data/ip'.
Command: link_design -top si5351_ad9238_hdmi_top_test -part xc7z010clg400-1
Design is defaulting to srcset: sources_1
Design is defaulting to constrset: constrs_1
INFO: [Device 21-403] Loading part xc7z010clg400-1
INFO: [Project 1-5699] Read binary netlist with skipMacroContent - 1
INFO: [Project 1-454] Reading design checkpoint '/home/testpc/fpga_asist_dev/validation_test/si5351_ad9238_hdmi_project/fpga/vivado_gui/oscilloscope_test.gen/sources_1/ip/rgb2dvi_0/rgb2dvi_0.dcp' for cell 'hdmi_encoder'
INFO: [Project 1-454] Reading design checkpoint '/home/testpc/fpga_asist_dev/validation_test/si5351_ad9238_hdmi_project/fpga/vivado_gui/oscilloscope_test.gen/sources_1/ip/clk_wiz_0/clk_wiz_0.dcp' for cell 'pll_inst'
Netlist sorting complete. Time (s): cpu = 00:00:00.01 ; elapsed = 00:00:00 . Memory (MB): peak = 1817.348 ; gain = 0.000 ; free physical = 5380 ; free virtual = 14546
INFO: [Netlist 29-17] Analyzing 32 Unisim elements for replacement
INFO: [Netlist 29-28] Unisim Transformation completed in 0 CPU seconds
INFO: [Project 1-479] Netlist was created with Vivado 2025.1
INFO: [Project 1-570] Preparing netlist for logic optimization
Parsing XDC File [/home/testpc/fpga_asist_dev/validation_test/si5351_ad9238_hdmi_project/fpga/vivado_gui/oscilloscope_test.gen/sources_1/ip/clk_wiz_0/clk_wiz_0_board.xdc] for cell 'pll_inst/inst'
Finished Parsing XDC File [/home/testpc/fpga_asist_dev/validation_test/si5351_ad9238_hdmi_project/fpga/vivado_gui/oscilloscope_test.gen/sources_1/ip/clk_wiz_0/clk_wiz_0_board.xdc] for cell 'pll_inst/inst'
Parsing XDC File [/home/testpc/fpga_asist_dev/validation_test/si5351_ad9238_hdmi_project/fpga/vivado_gui/oscilloscope_test.gen/sources_1/ip/clk_wiz_0/clk_wiz_0.xdc] for cell 'pll_inst/inst'
INFO: [Timing 38-35] Done setting XDC timing constraints. [/home/testpc/fpga_asist_dev/validation_test/si5351_ad9238_hdmi_project/fpga/vivado_gui/oscilloscope_test.gen/sources_1/ip/clk_wiz_0/clk_wiz_0.xdc:54]
INFO: [Timing 38-2] Deriving generated clocks [/home/testpc/fpga_asist_dev/validation_test/si5351_ad9238_hdmi_project/fpga/vivado_gui/oscilloscope_test.gen/sources_1/ip/clk_wiz_0/clk_wiz_0.xdc:54]
Finished Parsing XDC File [/home/testpc/fpga_asist_dev/validation_test/si5351_ad9238_hdmi_project/fpga/vivado_gui/oscilloscope_test.gen/sources_1/ip/clk_wiz_0/clk_wiz_0.xdc] for cell 'pll_inst/inst'
Parsing XDC File [/home/testpc/fpga_asist_dev/validation_test/si5351_ad9238_hdmi_project/fpga/vivado_gui/oscilloscope_test.gen/sources_1/ip/rgb2dvi_0/src/rgb2dvi.xdc] for cell 'hdmi_encoder/U0'
Finished Parsing XDC File [/home/testpc/fpga_asist_dev/validation_test/si5351_ad9238_hdmi_project/fpga/vivado_gui/oscilloscope_test.gen/sources_1/ip/rgb2dvi_0/src/rgb2dvi.xdc] for cell 'hdmi_encoder/U0'
Parsing XDC File [/home/testpc/fpga_asist_dev/validation_test/si5351_ad9238_hdmi_project/fpga/constraints/pins.xdc]
Finished Parsing XDC File [/home/testpc/fpga_asist_dev/validation_test/si5351_ad9238_hdmi_project/fpga/constraints/pins.xdc]
Parsing XDC File [/home/testpc/fpga_asist_dev/validation_test/si5351_ad9238_hdmi_project/fpga/vivado_gui/oscilloscope_test.gen/sources_1/ip/rgb2dvi_0/src/rgb2dvi_clocks.xdc] for cell 'hdmi_encoder/U0'
Finished Parsing XDC File [/home/testpc/fpga_asist_dev/validation_test/si5351_ad9238_hdmi_project/fpga/vivado_gui/oscilloscope_test.gen/sources_1/ip/rgb2dvi_0/src/rgb2dvi_clocks.xdc] for cell 'hdmi_encoder/U0'
INFO: [Opt 31-138] Pushed 0 inverter(s) to 0 load pin(s).
Netlist sorting complete. Time (s): cpu = 00:00:00 ; elapsed = 00:00:00 . Memory (MB): peak = 2445.812 ; gain = 0.000 ; free physical = 4836 ; free virtual = 14002
INFO: [Project 1-111] Unisim Transformation Summary:
No Unisim elements were transformed.

15 Infos, 0 Warnings, 0 Critical Warnings and 0 Errors encountered.
link_design completed successfully
Command: opt_design
Attempting to get a license for feature 'Implementation' and/or device 'xc7z010'
INFO: [Common 17-349] Got license for feature 'Implementation' and/or device 'xc7z010'
Running DRC as a precondition to command opt_design

Starting DRC Task
INFO: [DRC 23-27] Running DRC with 8 threads
INFO: [Project 1-461] DRC finished with 0 Errors
INFO: [Project 1-462] Please refer to the DRC report (report_drc) for more information.

Time (s): cpu = 00:00:02 ; elapsed = 00:00:00.54 . Memory (MB): peak = 2535.367 ; gain = 89.520 ; free physical = 4789 ; free virtual = 13954

Starting Cache Timing Information Task
INFO: [Timing 38-35] Done setting XDC timing constraints.
Ending Cache Timing Information Task | Checksum: 25d5a1381

Time (s): cpu = 00:00:00.02 ; elapsed = 00:00:00.02 . Memory (MB): peak = 2535.367 ; gain = 0.000 ; free physical = 4789 ; free virtual = 13954

Starting Logic Optimization Task

Phase 1 Initialization

Phase 1.1 Core Generation And Design Setup
Phase 1.1 Core Generation And Design Setup | Checksum: 25d5a1381

Time (s): cpu = 00:00:00.01 ; elapsed = 00:00:00 . Memory (MB): peak = 2836.352 ; gain = 0.000 ; free physical = 4458 ; free virtual = 13624

Phase 1.2 Setup Constraints And Sort Netlist
Phase 1.2 Setup Constraints And Sort Netlist | Checksum: 25d5a1381

Time (s): cpu = 00:00:00.01 ; elapsed = 00:00:00 . Memory (MB): peak = 2836.352 ; gain = 0.000 ; free physical = 4458 ; free virtual = 13624
Phase 1 Initialization | Checksum: 25d5a1381

Time (s): cpu = 00:00:00.01 ; elapsed = 00:00:00 . Memory (MB): peak = 2836.352 ; gain = 0.000 ; free physical = 4458 ; free virtual = 13624

Phase 2 Timer Update And Timing Data Collection

Phase 2.1 Timer Update
CRITICAL WARNING: [Timing 38-249] Generated clock hdmi_encoder/U0/SerialClk has no logical paths from master clock clk_out1_clk_wiz_0.
Resolution: Review the path between the master clock and the generated clock with the schematic viewer and correct the -source option. If it is correct and the master clock does not have a timing path to the generated clock, define the generated clock as a primary clock by using create_clock.
Phase 2.1 Timer Update | Checksum: 25d5a1381

Time (s): cpu = 00:00:00.02 ; elapsed = 00:00:00.01 . Memory (MB): peak = 2836.352 ; gain = 0.000 ; free physical = 4458 ; free virtual = 13624

Phase 2.2 Timing Data Collection
Phase 2.2 Timing Data Collection | Checksum: 25d5a1381

Time (s): cpu = 00:00:00.02 ; elapsed = 00:00:00.01 . Memory (MB): peak = 2836.352 ; gain = 0.000 ; free physical = 4458 ; free virtual = 13624
Phase 2 Timer Update And Timing Data Collection | Checksum: 25d5a1381

Time (s): cpu = 00:00:00.02 ; elapsed = 00:00:00.01 . Memory (MB): peak = 2836.352 ; gain = 0.000 ; free physical = 4458 ; free virtual = 13624

Phase 3 Retarget
INFO: [Opt 31-1851] Number of loadless carry chains removed were: 0
INFO: [Opt 31-1834] Total Chains To Be Transformed Were: 0 AND Number of Transformed insts Created are: 0
INFO: [Opt 31-1566] Pulled 3 inverters resulting in an inversion of 26 pins
INFO: [Opt 31-138] Pushed 1 inverter(s) to 1 load pin(s).
INFO: [Opt 31-49] Retargeted 0 cell(s).
Phase 3 Retarget | Checksum: 1dcb114cf

Time (s): cpu = 00:00:00.05 ; elapsed = 00:00:00.02 . Memory (MB): peak = 2836.352 ; gain = 0.000 ; free physical = 4458 ; free virtual = 13624
Retarget | Checksum: 1dcb114cf
INFO: [Opt 31-389] Phase Retarget created 13 cells and removed 20 cells
INFO: [Opt 31-1021] In phase Retarget, 1 netlist objects are constrained preventing optimization. Please run opt_design with -debug_log to get more detail. 

Phase 4 Constant propagation
INFO: [Opt 31-138] Pushed 2 inverter(s) to 10 load pin(s).
Phase 4 Constant propagation | Checksum: 285e9e5b5

Time (s): cpu = 00:00:00.09 ; elapsed = 00:00:00.04 . Memory (MB): peak = 2836.352 ; gain = 0.000 ; free physical = 4458 ; free virtual = 13624
Constant propagation | Checksum: 285e9e5b5
INFO: [Opt 31-389] Phase Constant propagation created 41 cells and removed 133 cells

Phase 5 Sweep
INFO: [Constraints 18-11670] Building netlist checker database with flags, 0x8
Done building netlist checker database: Time (s): cpu = 00:00:00 ; elapsed = 00:00:00 . Memory (MB): peak = 2836.352 ; gain = 0.000 ; free physical = 4458 ; free virtual = 13624
INFO: [Constraints 18-11670] Building netlist checker database with flags, 0x8
Done building netlist checker database: Time (s): cpu = 00:00:00 ; elapsed = 00:00:00 . Memory (MB): peak = 2836.352 ; gain = 0.000 ; free physical = 4458 ; free virtual = 13624
Phase 5 Sweep | Checksum: 1c07b8664

Time (s): cpu = 00:00:00.1 ; elapsed = 00:00:00.04 . Memory (MB): peak = 2836.352 ; gain = 0.000 ; free physical = 4458 ; free virtual = 13624
Sweep | Checksum: 1c07b8664
INFO: [Opt 31-389] Phase Sweep created 0 cells and removed 6 cells

Phase 6 BUFG optimization
Phase 6 BUFG optimization | Checksum: 1c07b8664

Time (s): cpu = 00:00:00.11 ; elapsed = 00:00:00.04 . Memory (MB): peak = 2868.367 ; gain = 32.016 ; free physical = 4458 ; free virtual = 13624
BUFG optimization | Checksum: 1c07b8664
INFO: [Opt 31-662] Phase BUFG optimization created 0 cells of which 0 are BUFGs and removed 0 cells.

Phase 7 Shift Register Optimization
INFO: [Opt 31-1064] SRL Remap converted 0 SRLs to 0 registers and converted 0 registers of register chains to 0 SRLs
Phase 7 Shift Register Optimization | Checksum: 1c07b8664

Time (s): cpu = 00:00:00.11 ; elapsed = 00:00:00.05 . Memory (MB): peak = 2868.367 ; gain = 32.016 ; free physical = 4458 ; free virtual = 13624
Shift Register Optimization | Checksum: 1c07b8664
INFO: [Opt 31-389] Phase Shift Register Optimization created 0 cells and removed 0 cells

Phase 8 Post Processing Netlist
Phase 8 Post Processing Netlist | Checksum: 1c07b8664

Time (s): cpu = 00:00:00.11 ; elapsed = 00:00:00.05 . Memory (MB): peak = 2868.367 ; gain = 32.016 ; free physical = 4458 ; free virtual = 13624
Post Processing Netlist | Checksum: 1c07b8664
INFO: [Opt 31-389] Phase Post Processing Netlist created 0 cells and removed 0 cells

Phase 9 Finalization

Phase 9.1 Finalizing Design Cores and Updating Shapes
Phase 9.1 Finalizing Design Cores and Updating Shapes | Checksum: 2fb06fcba

Time (s): cpu = 00:00:00.13 ; elapsed = 00:00:00.05 . Memory (MB): peak = 2868.367 ; gain = 32.016 ; free physical = 4458 ; free virtual = 13624

Phase 9.2 Verifying Netlist Connectivity

Starting Connectivity Check Task

Time (s): cpu = 00:00:00.01 ; elapsed = 00:00:00 . Memory (MB): peak = 2868.367 ; gain = 0.000 ; free physical = 4458 ; free virtual = 13624
Phase 9.2 Verifying Netlist Connectivity | Checksum: 2fb06fcba

Time (s): cpu = 00:00:00.14 ; elapsed = 00:00:00.05 . Memory (MB): peak = 2868.367 ; gain = 32.016 ; free physical = 4458 ; free virtual = 13624
Phase 9 Finalization | Checksum: 2fb06fcba

Time (s): cpu = 00:00:00.15 ; elapsed = 00:00:00.05 . Memory (MB): peak = 2868.367 ; gain = 32.016 ; free physical = 4458 ; free virtual = 13624
Opt_design Change Summary
=========================


-------------------------------------------------------------------------------------------------------------------------
|  Phase                        |  #Cells created  |  #Cells Removed  |  #Constrained objects preventing optimizations  |
-------------------------------------------------------------------------------------------------------------------------
|  Retarget                     |              13  |              20  |                                              1  |
|  Constant propagation         |              41  |             133  |                                              0  |
|  Sweep                        |               0  |               6  |                                              0  |
|  BUFG optimization            |               0  |               0  |                                              0  |
|  Shift Register Optimization  |               0  |               0  |                                              0  |
|  Post Processing Netlist      |               0  |               0  |                                              0  |
-------------------------------------------------------------------------------------------------------------------------


Ending Logic Optimization Task | Checksum: 2fb06fcba

Time (s): cpu = 00:00:00.15 ; elapsed = 00:00:00.05 . Memory (MB): peak = 2868.367 ; gain = 32.016 ; free physical = 4458 ; free virtual = 13624

Starting Power Optimization Task
INFO: [Pwropt 34-132] Skipping clock gating for clocks with a period < 2.00 ns.
INFO: [Pwropt 34-9] Applying IDT optimizations ...
INFO: [Pwropt 34-10] Applying ODC optimizations ...
INFO: [Timing 38-35] Done setting XDC timing constraints.
CRITICAL WARNING: [Timing 38-249] Generated clock hdmi_encoder/U0/SerialClk has no logical paths from master clock clk_out1_clk_wiz_0.
Resolution: Review the path between the master clock and the generated clock with the schematic viewer and correct the -source option. If it is correct and the master clock does not have a timing path to the generated clock, define the generated clock as a primary clock by using create_clock.
Running Vector-less Activity Propagation...

Finished Running Vector-less Activity Propagation


Starting PowerOpt Patch Enables Task
INFO: [Pwropt 34-162] WRITE_MODE attribute of 0 BRAM(s) out of a total of 1 has been updated to save power. Run report_power_opt to get a complete listing of the BRAMs updated.
INFO: [Pwropt 34-201] Structural ODC has moved 0 WE to EN ports
Number of BRAM Ports augmented: 0 newly gated: 0 Total Ports: 2
Ending PowerOpt Patch Enables Task | Checksum: 2fb06fcba

Time (s): cpu = 00:00:00 ; elapsed = 00:00:00 . Memory (MB): peak = 3145.359 ; gain = 0.000 ; free physical = 4333 ; free virtual = 13499
Ending Power Optimization Task | Checksum: 2fb06fcba

Time (s): cpu = 00:00:00.45 ; elapsed = 00:00:00.12 . Memory (MB): peak = 3145.359 ; gain = 276.992 ; free physical = 4333 ; free virtual = 13499

Starting Final Cleanup Task
Ending Final Cleanup Task | Checksum: 2fb06fcba

Time (s): cpu = 00:00:00 ; elapsed = 00:00:00 . Memory (MB): peak = 3145.359 ; gain = 0.000 ; free physical = 4333 ; free virtual = 13499

Starting Netlist Obfuscation Task
Netlist sorting complete. Time (s): cpu = 00:00:00.01 ; elapsed = 00:00:00 . Memory (MB): peak = 3145.359 ; gain = 0.000 ; free physical = 4333 ; free virtual = 13499
Ending Netlist Obfuscation Task | Checksum: 2fb06fcba

Time (s): cpu = 00:00:00.01 ; elapsed = 00:00:00 . Memory (MB): peak = 3145.359 ; gain = 0.000 ; free physical = 4333 ; free virtual = 13499
INFO: [Common 17-83] Releasing license: Implementation
43 Infos, 0 Warnings, 2 Critical Warnings and 0 Errors encountered.
opt_design completed successfully
INFO: [Vivado 12-24828] Executing command : report_drc -file si5351_ad9238_hdmi_top_test_drc_opted.rpt -pb si5351_ad9238_hdmi_top_test_drc_opted.pb -rpx si5351_ad9238_hdmi_top_test_drc_opted.rpx
Command: report_drc -file si5351_ad9238_hdmi_top_test_drc_opted.rpt -pb si5351_ad9238_hdmi_top_test_drc_opted.pb -rpx si5351_ad9238_hdmi_top_test_drc_opted.rpx
INFO: [IP_Flow 19-1839] IP Catalog is up to date.
INFO: [DRC 23-27] Running DRC with 8 threads
INFO: [Vivado_Tcl 2-168] The results of DRC are in file /home/testpc/fpga_asist_dev/validation_test/si5351_ad9238_hdmi_project/fpga/vivado_gui/oscilloscope_test.runs/impl_1/si5351_ad9238_hdmi_top_test_drc_opted.rpt.
report_drc completed successfully
INFO: [Timing 38-35] Done setting XDC timing constraints.
INFO: [Timing 38-480] Writing timing data to binary archive.
Write ShapeDB Complete: Time (s): cpu = 00:00:00 ; elapsed = 00:00:00 . Memory (MB): peak = 3145.359 ; gain = 0.000 ; free physical = 4324 ; free virtual = 13490
Wrote PlaceDB: Time (s): cpu = 00:00:00 ; elapsed = 00:00:00.01 . Memory (MB): peak = 3145.359 ; gain = 0.000 ; free physical = 4324 ; free virtual = 13490
Wrote PulsedLatchDB: Time (s): cpu = 00:00:00 ; elapsed = 00:00:00 . Memory (MB): peak = 3145.359 ; gain = 0.000 ; free physical = 4324 ; free virtual = 13490
Writing XDEF routing.
Writing XDEF routing logical nets.
Writing XDEF routing special nets.
Wrote RouteStorage: Time (s): cpu = 00:00:00.04 ; elapsed = 00:00:00.01 . Memory (MB): peak = 3145.359 ; gain = 0.000 ; free physical = 4323 ; free virtual = 13489
Wrote Netlist Cache: Time (s): cpu = 00:00:00 ; elapsed = 00:00:00 . Memory (MB): peak = 3145.359 ; gain = 0.000 ; free physical = 4323 ; free virtual = 13489
Wrote Device Cache: Time (s): cpu = 00:00:00.01 ; elapsed = 00:00:00 . Memory (MB): peak = 3145.359 ; gain = 0.000 ; free physical = 4323 ; free virtual = 13489
Write Physdb Complete: Time (s): cpu = 00:00:00.05 ; elapsed = 00:00:00.02 . Memory (MB): peak = 3145.359 ; gain = 0.000 ; free physical = 4323 ; free virtual = 13489
INFO: [Common 17-1381] The checkpoint '/home/testpc/fpga_asist_dev/validation_test/si5351_ad9238_hdmi_project/fpga/vivado_gui/oscilloscope_test.runs/impl_1/si5351_ad9238_hdmi_top_test_opt.dcp' has been generated.
Command: place_design
Attempting to get a license for feature 'Implementation' and/or device 'xc7z010'
INFO: [Common 17-349] Got license for feature 'Implementation' and/or device 'xc7z010'
INFO: [Common 17-83] Releasing license: Implementation
INFO: [DRC 23-27] Running DRC with 8 threads
INFO: [Vivado_Tcl 4-198] DRC finished with 0 Errors
INFO: [Vivado_Tcl 4-199] Please refer to the DRC report (report_drc) for more information.
Running DRC as a precondition to command place_design
INFO: [DRC 23-27] Running DRC with 8 threads
INFO: [Vivado_Tcl 4-198] DRC finished with 0 Errors
INFO: [Vivado_Tcl 4-199] Please refer to the DRC report (report_drc) for more information.
INFO: [Place 30-611] Multithreading enabled for place_design using a maximum of 8 CPUs

Starting Placer Task

Phase 1 Placer Initialization

Phase 1.1 Placer Initialization Netlist Sorting
Netlist sorting complete. Time (s): cpu = 00:00:00 ; elapsed = 00:00:00 . Memory (MB): peak = 3145.359 ; gain = 0.000 ; free physical = 4287 ; free virtual = 13453
Phase 1.1 Placer Initialization Netlist Sorting | Checksum: 236c1e897

Time (s): cpu = 00:00:00 ; elapsed = 00:00:00.01 . Memory (MB): peak = 3145.359 ; gain = 0.000 ; free physical = 4287 ; free virtual = 13453
Netlist sorting complete. Time (s): cpu = 00:00:00 ; elapsed = 00:00:00 . Memory (MB): peak = 3145.359 ; gain = 0.000 ; free physical = 4287 ; free virtual = 13453

Phase 1.2 IO Placement/ Clock Placement/ Build Placer Device
Phase 1.2 IO Placement/ Clock Placement/ Build Placer Device | Checksum: 17594934f

Time (s): cpu = 00:00:00.15 ; elapsed = 00:00:00.04 . Memory (MB): peak = 3145.359 ; gain = 0.000 ; free physical = 4287 ; free virtual = 13453

Phase 1.3 Build Placer Netlist Model
CRITICAL WARNING: [Timing 38-249] Generated clock hdmi_encoder/U0/SerialClk has no logical paths from master clock clk_out1_clk_wiz_0.
Resolution: Review the path between the master clock and the generated clock with the schematic viewer and correct the -source option. If it is correct and the master clock does not have a timing path to the generated clock, define the generated clock as a primary clock by using create_clock.
Phase 1.3 Build Placer Netlist Model | Checksum: 1ca1bb22c

Time (s): cpu = 00:00:00.39 ; elapsed = 00:00:00.1 . Memory (MB): peak = 3145.359 ; gain = 0.000 ; free physical = 4287 ; free virtual = 13453

Phase 1.4 Constrain Clocks/Macros
Phase 1.4 Constrain Clocks/Macros | Checksum: 1ca1bb22c

Time (s): cpu = 00:00:00.39 ; elapsed = 00:00:00.1 . Memory (MB): peak = 3145.359 ; gain = 0.000 ; free physical = 4287 ; free virtual = 13453
Phase 1 Placer Initialization | Checksum: 1ca1bb22c

Time (s): cpu = 00:00:00.39 ; elapsed = 00:00:00.1 . Memory (MB): peak = 3145.359 ; gain = 0.000 ; free physical = 4287 ; free virtual = 13453

Phase 2 Global Placement

Phase 2.1 Floorplanning
Phase 2.1 Floorplanning | Checksum: 1bde33386

Time (s): cpu = 00:00:00.52 ; elapsed = 00:00:00.13 . Memory (MB): peak = 3145.359 ; gain = 0.000 ; free physical = 4288 ; free virtual = 13455

Phase 2.2 Update Timing before SLR Path Opt
Phase 2.2 Update Timing before SLR Path Opt | Checksum: 2725e8e1f

Time (s): cpu = 00:00:00.57 ; elapsed = 00:00:00.14 . Memory (MB): peak = 3145.359 ; gain = 0.000 ; free physical = 4309 ; free virtual = 13476

Phase 2.3 Post-Processing in Floorplanning
Phase 2.3 Post-Processing in Floorplanning | Checksum: 2725e8e1f

Time (s): cpu = 00:00:00.57 ; elapsed = 00:00:00.14 . Memory (MB): peak = 3145.359 ; gain = 0.000 ; free physical = 4309 ; free virtual = 13476

Phase 2.4 Global Place Phase1
Phase 2.4 Global Place Phase1 | Checksum: 22b2f8be2

Time (s): cpu = 00:00:02 ; elapsed = 00:00:00.47 . Memory (MB): peak = 3145.359 ; gain = 0.000 ; free physical = 4330 ; free virtual = 13497

Phase 2.5 Global Place Phase2

Phase 2.5.1 UpdateTiming Before Physical Synthesis
Phase 2.5.1 UpdateTiming Before Physical Synthesis | Checksum: 21197a92d

Time (s): cpu = 00:00:02 ; elapsed = 00:00:00.48 . Memory (MB): peak = 3145.359 ; gain = 0.000 ; free physical = 4339 ; free virtual = 13506

Phase 2.5.2 Physical Synthesis In Placer
INFO: [Physopt 32-1035] Found 0 LUTNM shape to break, 24 LUT instances to create LUTNM shape
INFO: [Physopt 32-1044] Break lutnm for timing: one critical 0, two critical 0, total 0, new lutff created 0
INFO: [Physopt 32-1138] End 1 Pass. Optimized 11 nets or LUTs. Breaked 0 LUT, combined 11 existing LUTs and moved 0 existing LUT
INFO: [Physopt 32-65] No nets found for high-fanout optimization.
INFO: [Physopt 32-232] Optimized 0 net. Created 0 new instance.
INFO: [Physopt 32-775] End 1 Pass. Optimized 0 net or cell. Created 0 new cell, deleted 0 existing cell and moved 0 existing cell
INFO: [Physopt 32-670] No setup violation found.  DSP Register Optimization was not performed.
INFO: [Physopt 32-670] No setup violation found.  Shift Register to Pipeline Optimization was not performed.
INFO: [Physopt 32-670] No setup violation found.  Shift Register Optimization was not performed.
INFO: [Physopt 32-670] No setup violation found.  BRAM Register Optimization was not performed.
INFO: [Physopt 32-670] No setup violation found.  URAM Register Optimization was not performed.
INFO: [Physopt 32-949] No candidate nets found for dynamic/static region interface net replication
INFO: [Physopt 32-775] End 1 Pass. Optimized 0 net or cell. Created 0 new cell, deleted 0 existing cell and moved 0 existing cell
Netlist sorting complete. Time (s): cpu = 00:00:00 ; elapsed = 00:00:00 . Memory (MB): peak = 3145.359 ; gain = 0.000 ; free physical = 4343 ; free virtual = 13509

Summary of Physical Synthesis Optimizations
============================================


-----------------------------------------------------------------------------------------------------------------------------------------------------------
|  Optimization                                     |  Added Cells  |  Removed Cells  |  Optimized Cells/Nets  |  Dont Touch  |  Iterations  |  Elapsed   |
-----------------------------------------------------------------------------------------------------------------------------------------------------------
|  LUT Combining                                    |            0  |             11  |                    11  |           0  |           1  |  00:00:00  |
|  Retime                                           |            0  |              0  |                     0  |           0  |           1  |  00:00:00  |
|  Very High Fanout                                 |            0  |              0  |                     0  |           0  |           1  |  00:00:00  |
|  DSP Register                                     |            0  |              0  |                     0  |           0  |           0  |  00:00:00  |
|  Shift Register to Pipeline                       |            0  |              0  |                     0  |           0  |           0  |  00:00:00  |
|  Shift Register                                   |            0  |              0  |                     0  |           0  |           0  |  00:00:00  |
|  BRAM Register                                    |            0  |              0  |                     0  |           0  |           0  |  00:00:00  |
|  URAM Register                                    |            0  |              0  |                     0  |           0  |           0  |  00:00:00  |
|  Dynamic/Static Region Interface Net Replication  |            0  |              0  |                     0  |           0  |           1  |  00:00:00  |
|  Total                                            |            0  |             11  |                    11  |           0  |           4  |  00:00:00  |
-----------------------------------------------------------------------------------------------------------------------------------------------------------


Phase 2.5.2 Physical Synthesis In Placer | Checksum: 1d44bef2b

Time (s): cpu = 00:00:02 ; elapsed = 00:00:00.64 . Memory (MB): peak = 3145.359 ; gain = 0.000 ; free physical = 4343 ; free virtual = 13509
Phase 2.5 Global Place Phase2 | Checksum: 236660978

Time (s): cpu = 00:00:02 ; elapsed = 00:00:00.67 . Memory (MB): peak = 3145.359 ; gain = 0.000 ; free physical = 4342 ; free virtual = 13508
Phase 2 Global Placement | Checksum: 236660978

Time (s): cpu = 00:00:02 ; elapsed = 00:00:00.67 . Memory (MB): peak = 3145.359 ; gain = 0.000 ; free physical = 4342 ; free virtual = 13508

Phase 3 Detail Placement

Phase 3.1 Commit Multi Column Macros
Phase 3.1 Commit Multi Column Macros | Checksum: 2348d7554

Time (s): cpu = 00:00:02 ; elapsed = 00:00:00.68 . Memory (MB): peak = 3145.359 ; gain = 0.000 ; free physical = 4342 ; free virtual = 13508

Phase 3.2 Commit Most Macros & LUTRAMs
Phase 3.2 Commit Most Macros & LUTRAMs | Checksum: 22b7610ea

Time (s): cpu = 00:00:03 ; elapsed = 00:00:00.71 . Memory (MB): peak = 3145.359 ; gain = 0.000 ; free physical = 4341 ; free virtual = 13507

Phase 3.3 Area Swap Optimization
Phase 3.3 Area Swap Optimization | Checksum: 2ac938b63

Time (s): cpu = 00:00:03 ; elapsed = 00:00:00.71 . Memory (MB): peak = 3145.359 ; gain = 0.000 ; free physical = 4340 ; free virtual = 13507

Phase 3.4 Pipeline Register Optimization
Phase 3.4 Pipeline Register Optimization | Checksum: 215e22de9

Time (s): cpu = 00:00:03 ; elapsed = 00:00:00.71 . Memory (MB): peak = 3145.359 ; gain = 0.000 ; free physical = 4340 ; free virtual = 13507

Phase 3.5 Small Shape Detail Placement
Phase 3.5 Small Shape Detail Placement | Checksum: 17867cef1

Time (s): cpu = 00:00:03 ; elapsed = 00:00:00.77 . Memory (MB): peak = 3145.359 ; gain = 0.000 ; free physical = 4335 ; free virtual = 13502

Phase 3.6 Re-assign LUT pins
Phase 3.6 Re-assign LUT pins | Checksum: 187407b7d

Time (s): cpu = 00:00:03 ; elapsed = 00:00:00.78 . Memory (MB): peak = 3145.359 ; gain = 0.000 ; free physical = 4335 ; free virtual = 13502

Phase 3.7 Pipeline Register Optimization
Phase 3.7 Pipeline Register Optimization | Checksum: 21c7718ff

Time (s): cpu = 00:00:03 ; elapsed = 00:00:00.79 . Memory (MB): peak = 3145.359 ; gain = 0.000 ; free physical = 4335 ; free virtual = 13502
Phase 3 Detail Placement | Checksum: 21c7718ff

Time (s): cpu = 00:00:03 ; elapsed = 00:00:00.79 . Memory (MB): peak = 3145.359 ; gain = 0.000 ; free physical = 4335 ; free virtual = 13502

Phase 4 Post Placement Optimization and Clean-Up

Phase 4.1 Post Commit Optimization
INFO: [Timing 38-35] Done setting XDC timing constraints.
CRITICAL WARNING: [Timing 38-249] Generated clock hdmi_encoder/U0/SerialClk has no logical paths from master clock clk_out1_clk_wiz_0.
Resolution: Review the path between the master clock and the generated clock with the schematic viewer and correct the -source option. If it is correct and the master clock does not have a timing path to the generated clock, define the generated clock as a primary clock by using create_clock.

Phase 4.1.1 Post Placement Optimization
Post Placement Optimization Initialization | Checksum: 1d3b49da8

Phase 4.1.1.1 BUFG Insertion

Starting Physical Synthesis Task

Phase 1 Physical Synthesis Initialization
INFO: [Physopt 32-721] Multithreading enabled for phys_opt_design using a maximum of 8 CPUs
INFO: [Physopt 32-619] Estimated Timing Summary | WNS=1.308 | TNS=0.000 |
Phase 1 Physical Synthesis Initialization | Checksum: 1dc0c15a0

Time (s): cpu = 00:00:00.05 ; elapsed = 00:00:00 . Memory (MB): peak = 3145.359 ; gain = 0.000 ; free physical = 4335 ; free virtual = 13502
INFO: [Place 46-56] BUFG insertion identified 0 candidate nets. Inserted BUFG: 0, Replicated BUFG Driver: 0, Skipped due to Placement/Routing Conflicts: 0, Skipped due to Timing Degradation: 0, Skipped due to netlist editing failed: 0.
CRITICAL WARNING: [Timing 38-249] Generated clock hdmi_encoder/U0/SerialClk has no logical paths from master clock clk_out1_clk_wiz_0.
Resolution: Review the path between the master clock and the generated clock with the schematic viewer and correct the -source option. If it is correct and the master clock does not have a timing path to the generated clock, define the generated clock as a primary clock by using create_clock.
Ending Physical Synthesis Task | Checksum: 1afbcaa52

Time (s): cpu = 00:00:00.07 ; elapsed = 00:00:00 . Memory (MB): peak = 3145.359 ; gain = 0.000 ; free physical = 4335 ; free virtual = 13502
Phase 4.1.1.1 BUFG Insertion | Checksum: 1d3b49da8

Time (s): cpu = 00:00:03 ; elapsed = 00:00:00.85 . Memory (MB): peak = 3145.359 ; gain = 0.000 ; free physical = 4335 ; free virtual = 13502

Phase 4.1.1.2 Post Placement Timing Optimization
INFO: [Place 30-746] Post Placement Timing Summary WNS=1.308. For the most accurate timing information please run report_timing.
Phase 4.1.1.2 Post Placement Timing Optimization | Checksum: 1477a22ad

Time (s): cpu = 00:00:03 ; elapsed = 00:00:00.85 . Memory (MB): peak = 3145.359 ; gain = 0.000 ; free physical = 4335 ; free virtual = 13502

Time (s): cpu = 00:00:03 ; elapsed = 00:00:00.86 . Memory (MB): peak = 3145.359 ; gain = 0.000 ; free physical = 4335 ; free virtual = 13502
Phase 4.1 Post Commit Optimization | Checksum: 1477a22ad

Time (s): cpu = 00:00:03 ; elapsed = 00:00:00.86 . Memory (MB): peak = 3145.359 ; gain = 0.000 ; free physical = 4335 ; free virtual = 13502

Phase 4.2 Post Placement Cleanup
Phase 4.2 Post Placement Cleanup | Checksum: 1477a22ad

Time (s): cpu = 00:00:03 ; elapsed = 00:00:00.86 . Memory (MB): peak = 3145.359 ; gain = 0.000 ; free physical = 4335 ; free virtual = 13502

Phase 4.3 Placer Reporting

Phase 4.3.1 Print Estimated Congestion
INFO: [Place 30-612] Post-Placement Estimated Congestion 
 ____________________________________________________
|           | Global Congestion | Short Congestion  |
| Direction | Region Size       | Region Size       |
|___________|___________________|___________________|
|      North|                1x1|                1x1|
|___________|___________________|___________________|
|      South|                1x1|                1x1|
|___________|___________________|___________________|
|       East|                1x1|                1x1|
|___________|___________________|___________________|
|       West|                1x1|                1x1|
|___________|___________________|___________________|

Phase 4.3.1 Print Estimated Congestion | Checksum: 1477a22ad

Time (s): cpu = 00:00:03 ; elapsed = 00:00:00.86 . Memory (MB): peak = 3145.359 ; gain = 0.000 ; free physical = 4335 ; free virtual = 13502
Phase 4.3 Placer Reporting | Checksum: 1477a22ad

Time (s): cpu = 00:00:03 ; elapsed = 00:00:00.86 . Memory (MB): peak = 3145.359 ; gain = 0.000 ; free physical = 4335 ; free virtual = 13502

Phase 4.4 Final Placement Cleanup
Netlist sorting complete. Time (s): cpu = 00:00:00 ; elapsed = 00:00:00 . Memory (MB): peak = 3145.359 ; gain = 0.000 ; free physical = 4335 ; free virtual = 13502

Time (s): cpu = 00:00:03 ; elapsed = 00:00:00.86 . Memory (MB): peak = 3145.359 ; gain = 0.000 ; free physical = 4335 ; free virtual = 13502
Phase 4 Post Placement Optimization and Clean-Up | Checksum: 20a4f793b

Time (s): cpu = 00:00:03 ; elapsed = 00:00:00.86 . Memory (MB): peak = 3145.359 ; gain = 0.000 ; free physical = 4335 ; free virtual = 13502
Ending Placer Task | Checksum: 1ae4cecbd

Time (s): cpu = 00:00:03 ; elapsed = 00:00:00.86 . Memory (MB): peak = 3145.359 ; gain = 0.000 ; free physical = 4335 ; free virtual = 13502
78 Infos, 0 Warnings, 5 Critical Warnings and 0 Errors encountered.
place_design completed successfully
INFO: [Vivado 12-24838] Running report commands "report_control_sets, report_io, report_utilization" in parallel.
Running report generation with 3 threads.
INFO: [Vivado 12-24828] Executing command : report_control_sets -verbose -file si5351_ad9238_hdmi_top_test_control_sets_placed.rpt
report_control_sets: Time (s): cpu = 00:00:00.06 ; elapsed = 00:00:00.05 . Memory (MB): peak = 3145.359 ; gain = 0.000 ; free physical = 4310 ; free virtual = 13476
INFO: [Vivado 12-24828] Executing command : report_utilization -file si5351_ad9238_hdmi_top_test_utilization_placed.rpt -pb si5351_ad9238_hdmi_top_test_utilization_placed.pb
INFO: [Vivado 12-24828] Executing command : report_io -file si5351_ad9238_hdmi_top_test_io_placed.rpt
report_io: Time (s): cpu = 00:00:00.13 ; elapsed = 00:00:00.11 . Memory (MB): peak = 3145.359 ; gain = 0.000 ; free physical = 4292 ; free virtual = 13458
INFO: [Timing 38-480] Writing timing data to binary archive.
Write ShapeDB Complete: Time (s): cpu = 00:00:00.01 ; elapsed = 00:00:00 . Memory (MB): peak = 3145.359 ; gain = 0.000 ; free physical = 4292 ; free virtual = 13458
Wrote PlaceDB: Time (s): cpu = 00:00:00.05 ; elapsed = 00:00:00.02 . Memory (MB): peak = 3145.359 ; gain = 0.000 ; free physical = 4292 ; free virtual = 13458
Wrote PulsedLatchDB: Time (s): cpu = 00:00:00 ; elapsed = 00:00:00 . Memory (MB): peak = 3145.359 ; gain = 0.000 ; free physical = 4292 ; free virtual = 13458
Writing XDEF routing.
Writing XDEF routing logical nets.
Writing XDEF routing special nets.
Wrote RouteStorage: Time (s): cpu = 00:00:00.02 ; elapsed = 00:00:00.01 . Memory (MB): peak = 3145.359 ; gain = 0.000 ; free physical = 4294 ; free virtual = 13461
Wrote Netlist Cache: Time (s): cpu = 00:00:00 ; elapsed = 00:00:00 . Memory (MB): peak = 3145.359 ; gain = 0.000 ; free physical = 4294 ; free virtual = 13461
Wrote Device Cache: Time (s): cpu = 00:00:00 ; elapsed = 00:00:00 . Memory (MB): peak = 3145.359 ; gain = 0.000 ; free physical = 4294 ; free virtual = 13462
Write Physdb Complete: Time (s): cpu = 00:00:00.08 ; elapsed = 00:00:00.03 . Memory (MB): peak = 3145.359 ; gain = 0.000 ; free physical = 4294 ; free virtual = 13462
INFO: [Common 17-1381] The checkpoint '/home/testpc/fpga_asist_dev/validation_test/si5351_ad9238_hdmi_project/fpga/vivado_gui/oscilloscope_test.runs/impl_1/si5351_ad9238_hdmi_top_test_placed.dcp' has been generated.
Command: phys_opt_design
Attempting to get a license for feature 'Implementation' and/or device 'xc7z010'
INFO: [Common 17-349] Got license for feature 'Implementation' and/or device 'xc7z010'

Starting Initial Update Timing Task
CRITICAL WARNING: [Timing 38-249] Generated clock hdmi_encoder/U0/SerialClk has no logical paths from master clock clk_out1_clk_wiz_0.
Resolution: Review the path between the master clock and the generated clock with the schematic viewer and correct the -source option. If it is correct and the master clock does not have a timing path to the generated clock, define the generated clock as a primary clock by using create_clock.

Time (s): cpu = 00:00:00.07 ; elapsed = 00:00:00.03 . Memory (MB): peak = 3145.359 ; gain = 0.000 ; free physical = 4286 ; free virtual = 13452
INFO: [Vivado_Tcl 4-2279] Estimated Timing Summary | WNS= 1.308 | TNS= 0.000 | 
INFO: [Vivado_Tcl 4-383] Design worst setup slack (WNS) is greater than or equal to 0.000 ns. All physical synthesis setup optimizations will be skipped.
INFO: [Vivado_Tcl 4-232] No setup violation found. The netlist was not modified.
INFO: [Common 17-83] Releasing license: Implementation
89 Infos, 0 Warnings, 6 Critical Warnings and 0 Errors encountered.
phys_opt_design completed successfully
INFO: [Timing 38-480] Writing timing data to binary archive.
Write ShapeDB Complete: Time (s): cpu = 00:00:00.01 ; elapsed = 00:00:00 . Memory (MB): peak = 3145.359 ; gain = 0.000 ; free physical = 4286 ; free virtual = 13452
Wrote PlaceDB: Time (s): cpu = 00:00:00.05 ; elapsed = 00:00:00.01 . Memory (MB): peak = 3145.359 ; gain = 0.000 ; free physical = 4283 ; free virtual = 13450
Wrote PulsedLatchDB: Time (s): cpu = 00:00:00 ; elapsed = 00:00:00 . Memory (MB): peak = 3145.359 ; gain = 0.000 ; free physical = 4283 ; free virtual = 13450
Writing XDEF routing.
Writing XDEF routing logical nets.
Writing XDEF routing special nets.
Wrote RouteStorage: Time (s): cpu = 00:00:00.02 ; elapsed = 00:00:00.01 . Memory (MB): peak = 3145.359 ; gain = 0.000 ; free physical = 4283 ; free virtual = 13450
Wrote Netlist Cache: Time (s): cpu = 00:00:00 ; elapsed = 00:00:00 . Memory (MB): peak = 3145.359 ; gain = 0.000 ; free physical = 4283 ; free virtual = 13451
Wrote Device Cache: Time (s): cpu = 00:00:00.01 ; elapsed = 00:00:00 . Memory (MB): peak = 3145.359 ; gain = 0.000 ; free physical = 4283 ; free virtual = 13451
Write Physdb Complete: Time (s): cpu = 00:00:00.08 ; elapsed = 00:00:00.03 . Memory (MB): peak = 3145.359 ; gain = 0.000 ; free physical = 4283 ; free virtual = 13452
INFO: [Common 17-1381] The checkpoint '/home/testpc/fpga_asist_dev/validation_test/si5351_ad9238_hdmi_project/fpga/vivado_gui/oscilloscope_test.runs/impl_1/si5351_ad9238_hdmi_top_test_physopt.dcp' has been generated.
Command: route_design
Attempting to get a license for feature 'Implementation' and/or device 'xc7z010'
INFO: [Common 17-349] Got license for feature 'Implementation' and/or device 'xc7z010'


Starting Routing Task
INFO: [Route 35-254] Multithreading enabled for route_design using a maximum of 8 CPUs

Phase 1 Build RT Design
Checksum: PlaceDB: 52554500 ConstDB: 0 ShapeSum: f25f5092 RouteDB: 6998572b
Post Restoration Checksum: NetGraph: 4d8fbd7 | NumContArr: 29683d62 | Constraints: c2a8fa9d | Timing: c2a8fa9d
Phase 1 Build RT Design | Checksum: 1b3932e73

Time (s): cpu = 00:00:04 ; elapsed = 00:00:04 . Memory (MB): peak = 3145.359 ; gain = 0.000 ; free physical = 4349 ; free virtual = 13524

Phase 2 Router Initialization

Phase 2.1 Fix Topology Constraints
Phase 2.1 Fix Topology Constraints | Checksum: 1b3932e73

Time (s): cpu = 00:00:04 ; elapsed = 00:00:04 . Memory (MB): peak = 3145.359 ; gain = 0.000 ; free physical = 4349 ; free virtual = 13524

Phase 2.2 Pre Route Cleanup
Phase 2.2 Pre Route Cleanup | Checksum: 1b3932e73

Time (s): cpu = 00:00:04 ; elapsed = 00:00:04 . Memory (MB): peak = 3145.359 ; gain = 0.000 ; free physical = 4349 ; free virtual = 13524
 Number of Nodes with overlaps = 0

Phase 2.3 Update Timing
Phase 2.3 Update Timing | Checksum: 1f2074171

Time (s): cpu = 00:00:04 ; elapsed = 00:00:04 . Memory (MB): peak = 3145.359 ; gain = 0.000 ; free physical = 4349 ; free virtual = 13524
INFO: [Route 35-416] Intermediate Timing Summary | WNS=1.313  | TNS=0.000  | WHS=-0.442 | THS=-9.553 |


Phase 2.4 Soft Constraint Pins - Fast Budgeting
Phase 2.4 Soft Constraint Pins - Fast Budgeting | Checksum: 19113e9c4

Time (s): cpu = 00:00:04 ; elapsed = 00:00:04 . Memory (MB): peak = 3145.359 ; gain = 0.000 ; free physical = 4349 ; free virtual = 13524

Router Utilization Summary
  Global Vertical Routing Utilization    = 0 %
  Global Horizontal Routing Utilization  = 0 %
  Routable Net Status*
  *Does not include unroutable nets such as driverless and loadless.
  Run report_route_status for detailed report.
  Number of Failed Nets               = 428
    (Failed Nets is the sum of unrouted and partially routed nets)
  Number of Unrouted Nets             = 428
  Number of Partially Routed Nets     = 0
  Number of Node Overlaps             = 0

Phase 2 Router Initialization | Checksum: 128ee90cd

Time (s): cpu = 00:00:04 ; elapsed = 00:00:04 . Memory (MB): peak = 3145.359 ; gain = 0.000 ; free physical = 4349 ; free virtual = 13524

Phase 3 Global Routing
Phase 3 Global Routing | Checksum: 128ee90cd

Time (s): cpu = 00:00:04 ; elapsed = 00:00:04 . Memory (MB): peak = 3145.359 ; gain = 0.000 ; free physical = 4349 ; free virtual = 13524

Phase 4 Initial Routing

Phase 4.1 Initial Net Routing Pass
Phase 4.1 Initial Net Routing Pass | Checksum: 294eaa39e

Time (s): cpu = 00:00:05 ; elapsed = 00:00:04 . Memory (MB): peak = 3145.359 ; gain = 0.000 ; free physical = 4349 ; free virtual = 13524
Phase 4 Initial Routing | Checksum: 294eaa39e

Time (s): cpu = 00:00:05 ; elapsed = 00:00:04 . Memory (MB): peak = 3145.359 ; gain = 0.000 ; free physical = 4349 ; free virtual = 13524

Phase 5 Rip-up And Reroute

Phase 5.1 Global Iteration 0
 Number of Nodes with overlaps = 92
 Number of Nodes with overlaps = 30
 Number of Nodes with overlaps = 14
 Number of Nodes with overlaps = 9
 Number of Nodes with overlaps = 6
 Number of Nodes with overlaps = 6
 Number of Nodes with overlaps = 6
 Number of Nodes with overlaps = 2
 Number of Nodes with overlaps = 1
 Number of Nodes with overlaps = 0
INFO: [Route 35-416] Intermediate Timing Summary | WNS=1.236  | TNS=0.000  | WHS=N/A    | THS=N/A    |

Phase 5.1 Global Iteration 0 | Checksum: 20a2a8425

Time (s): cpu = 00:00:05 ; elapsed = 00:00:04 . Memory (MB): peak = 3145.359 ; gain = 0.000 ; free physical = 4348 ; free virtual = 13524

Phase 5.2 Global Iteration 1
 Number of Nodes with overlaps = 1
 Number of Nodes with overlaps = 0
INFO: [Route 35-416] Intermediate Timing Summary | WNS=1.234  | TNS=0.000  | WHS=N/A    | THS=N/A    |

Phase 5.2 Global Iteration 1 | Checksum: 221e1023e

Time (s): cpu = 00:00:05 ; elapsed = 00:00:04 . Memory (MB): peak = 3145.359 ; gain = 0.000 ; free physical = 4348 ; free virtual = 13524
Phase 5 Rip-up And Reroute | Checksum: 221e1023e

Time (s): cpu = 00:00:05 ; elapsed = 00:00:04 . Memory (MB): peak = 3145.359 ; gain = 0.000 ; free physical = 4348 ; free virtual = 13524

Phase 6 Delay and Skew Optimization

Phase 6.1 Delay CleanUp
Phase 6.1 Delay CleanUp | Checksum: 221e1023e

Time (s): cpu = 00:00:05 ; elapsed = 00:00:04 . Memory (MB): peak = 3145.359 ; gain = 0.000 ; free physical = 4348 ; free virtual = 13524

Phase 6.2 Clock Skew Optimization
Phase 6.2 Clock Skew Optimization | Checksum: 221e1023e

Time (s): cpu = 00:00:05 ; elapsed = 00:00:04 . Memory (MB): peak = 3145.359 ; gain = 0.000 ; free physical = 4348 ; free virtual = 13524
Phase 6 Delay and Skew Optimization | Checksum: 221e1023e

Time (s): cpu = 00:00:05 ; elapsed = 00:00:04 . Memory (MB): peak = 3145.359 ; gain = 0.000 ; free physical = 4348 ; free virtual = 13524

Phase 7 Post Hold Fix

Phase 7.1 Hold Fix Iter
INFO: [Route 35-416] Intermediate Timing Summary | WNS=1.349  | TNS=0.000  | WHS=0.094  | THS=0.000  |

Phase 7.1 Hold Fix Iter | Checksum: 1d48c2f58

Time (s): cpu = 00:00:05 ; elapsed = 00:00:04 . Memory (MB): peak = 3145.359 ; gain = 0.000 ; free physical = 4348 ; free virtual = 13524
Phase 7 Post Hold Fix | Checksum: 1d48c2f58

Time (s): cpu = 00:00:05 ; elapsed = 00:00:04 . Memory (MB): peak = 3145.359 ; gain = 0.000 ; free physical = 4348 ; free virtual = 13524

Phase 8 Route finalize

Router Utilization Summary
  Global Vertical Routing Utilization    = 0.142314 %
  Global Horizontal Routing Utilization  = 0.184513 %
  Routable Net Status*
  *Does not include unroutable nets such as driverless and loadless.
  Run report_route_status for detailed report.
  Number of Failed Nets               = 0
    (Failed Nets is the sum of unrouted and partially routed nets)
  Number of Unrouted Nets             = 0
  Number of Partially Routed Nets     = 0
  Number of Node Overlaps             = 0

Phase 8 Route finalize | Checksum: 1d48c2f58

Time (s): cpu = 00:00:05 ; elapsed = 00:00:04 . Memory (MB): peak = 3145.359 ; gain = 0.000 ; free physical = 4348 ; free virtual = 13524

Phase 9 Verifying routed nets

 Verification completed successfully
Phase 9 Verifying routed nets | Checksum: 1d48c2f58

Time (s): cpu = 00:00:05 ; elapsed = 00:00:04 . Memory (MB): peak = 3145.359 ; gain = 0.000 ; free physical = 4348 ; free virtual = 13524

Phase 10 Depositing Routes
Phase 10 Depositing Routes | Checksum: 1d6604481

Time (s): cpu = 00:00:05 ; elapsed = 00:00:04 . Memory (MB): peak = 3145.359 ; gain = 0.000 ; free physical = 4348 ; free virtual = 13524

Phase 11 Post Process Routing
Phase 11 Post Process Routing | Checksum: 1d6604481

Time (s): cpu = 00:00:05 ; elapsed = 00:00:04 . Memory (MB): peak = 3145.359 ; gain = 0.000 ; free physical = 4348 ; free virtual = 13524

Phase 12 Post Router Timing
INFO: [Route 35-57] Estimated Timing Summary | WNS=1.349  | TNS=0.000  | WHS=0.094  | THS=0.000  |

INFO: [Route 35-327] The final timing numbers are based on the router estimated timing analysis. For a complete and accurate timing signoff, please run report_timing_summary.
Phase 12 Post Router Timing | Checksum: 1d6604481

Time (s): cpu = 00:00:05 ; elapsed = 00:00:04 . Memory (MB): peak = 3145.359 ; gain = 0.000 ; free physical = 4349 ; free virtual = 13524
Total Elapsed time in route_design: 4.37 secs

Phase 13 Post-Route Event Processing
Phase 13 Post-Route Event Processing | Checksum: 1f8181f11

Time (s): cpu = 00:00:05 ; elapsed = 00:00:04 . Memory (MB): peak = 3145.359 ; gain = 0.000 ; free physical = 4349 ; free virtual = 13524
INFO: [Route 35-16] Router Completed Successfully
Ending Routing Task | Checksum: 1f8181f11

Time (s): cpu = 00:00:05 ; elapsed = 00:00:04 . Memory (MB): peak = 3145.359 ; gain = 0.000 ; free physical = 4350 ; free virtual = 13526

Routing Is Done.
INFO: [Common 17-83] Releasing license: Implementation
101 Infos, 0 Warnings, 6 Critical Warnings and 0 Errors encountered.
route_design completed successfully
INFO: [Vivado 12-24828] Executing command : report_drc -file si5351_ad9238_hdmi_top_test_drc_routed.rpt -pb si5351_ad9238_hdmi_top_test_drc_routed.pb -rpx si5351_ad9238_hdmi_top_test_drc_routed.rpx
Command: report_drc -file si5351_ad9238_hdmi_top_test_drc_routed.rpt -pb si5351_ad9238_hdmi_top_test_drc_routed.pb -rpx si5351_ad9238_hdmi_top_test_drc_routed.rpx
INFO: [IP_Flow 19-1839] IP Catalog is up to date.
INFO: [DRC 23-27] Running DRC with 8 threads
INFO: [Vivado_Tcl 2-168] The results of DRC are in file /home/testpc/fpga_asist_dev/validation_test/si5351_ad9238_hdmi_project/fpga/vivado_gui/oscilloscope_test.runs/impl_1/si5351_ad9238_hdmi_top_test_drc_routed.rpt.
report_drc completed successfully
INFO: [Vivado 12-24828] Executing command : report_methodology -file si5351_ad9238_hdmi_top_test_methodology_drc_routed.rpt -pb si5351_ad9238_hdmi_top_test_methodology_drc_routed.pb -rpx si5351_ad9238_hdmi_top_test_methodology_drc_routed.rpx
Command: report_methodology -file si5351_ad9238_hdmi_top_test_methodology_drc_routed.rpt -pb si5351_ad9238_hdmi_top_test_methodology_drc_routed.pb -rpx si5351_ad9238_hdmi_top_test_methodology_drc_routed.rpx
INFO: [Timing 38-35] Done setting XDC timing constraints.
CRITICAL WARNING: [Timing 38-249] Generated clock hdmi_encoder/U0/SerialClk has no logical paths from master clock clk_out1_clk_wiz_0.
Resolution: Review the path between the master clock and the generated clock with the schematic viewer and correct the -source option. If it is correct and the master clock does not have a timing path to the generated clock, define the generated clock as a primary clock by using create_clock.
INFO: [DRC 23-133] Running Methodology with 8 threads
INFO: [Vivado_Tcl 2-1520] The results of Report Methodology are in file /home/testpc/fpga_asist_dev/validation_test/si5351_ad9238_hdmi_project/fpga/vivado_gui/oscilloscope_test.runs/impl_1/si5351_ad9238_hdmi_top_test_methodology_drc_routed.rpt.
report_methodology completed successfully
INFO: [Vivado 12-24828] Executing command : report_timing_summary -max_paths 10 -routable_nets -report_unconstrained -file si5351_ad9238_hdmi_top_test_timing_summary_routed.rpt -pb si5351_ad9238_hdmi_top_test_timing_summary_routed.pb -rpx si5351_ad9238_hdmi_top_test_timing_summary_routed.rpx -warn_on_violation 
INFO: [Timing 38-35] Done setting XDC timing constraints.
INFO: [Timing 38-91] UpdateTimingParams: Speed grade: -1, Delay Type: min_max.
INFO: [Timing 38-191] Multithreading enabled for timing update using a maximum of 8 CPUs
CRITICAL WARNING: [Timing 38-249] Generated clock hdmi_encoder/U0/SerialClk has no logical paths from master clock clk_out1_clk_wiz_0.
Resolution: Review the path between the master clock and the generated clock with the schematic viewer and correct the -source option. If it is correct and the master clock does not have a timing path to the generated clock, define the generated clock as a primary clock by using create_clock.
INFO: [Vivado 12-24838] Running report commands "report_bus_skew, report_incremental_reuse, report_route_status" in parallel.
Running report generation with 3 threads.
INFO: [Vivado 12-24828] Executing command : report_route_status -file si5351_ad9238_hdmi_top_test_route_status.rpt -pb si5351_ad9238_hdmi_top_test_route_status.pb
INFO: [Vivado 12-24828] Executing command : report_incremental_reuse -file si5351_ad9238_hdmi_top_test_incremental_reuse_routed.rpt
INFO: [Vivado_Tcl 4-1062] Incremental flow is disabled. No incremental reuse Info to report.
INFO: [Vivado 12-24828] Executing command : report_bus_skew -warn_on_violation -file si5351_ad9238_hdmi_top_test_bus_skew_routed.rpt -pb si5351_ad9238_hdmi_top_test_bus_skew_routed.pb -rpx si5351_ad9238_hdmi_top_test_bus_skew_routed.rpx
INFO: [Timing 38-91] UpdateTimingParams: Speed grade: -1, Delay Type: min_max.
INFO: [Timing 38-191] Multithreading enabled for timing update using a maximum of 8 CPUs
CRITICAL WARNING: [Timing 38-249] Generated clock hdmi_encoder/U0/SerialClk has no logical paths from master clock clk_out1_clk_wiz_0.
Resolution: Review the path between the master clock and the generated clock with the schematic viewer and correct the -source option. If it is correct and the master clock does not have a timing path to the generated clock, define the generated clock as a primary clock by using create_clock.
INFO: [Vivado 12-24828] Executing command : report_power -file si5351_ad9238_hdmi_top_test_power_routed.rpt -pb si5351_ad9238_hdmi_top_test_power_summary_routed.pb -rpx si5351_ad9238_hdmi_top_test_power_routed.rpx
Command: report_power -file si5351_ad9238_hdmi_top_test_power_routed.rpt -pb si5351_ad9238_hdmi_top_test_power_summary_routed.pb -rpx si5351_ad9238_hdmi_top_test_power_routed.rpx
CRITICAL WARNING: [Timing 38-249] Generated clock hdmi_encoder/U0/SerialClk has no logical paths from master clock clk_out1_clk_wiz_0.
Resolution: Review the path between the master clock and the generated clock with the schematic viewer and correct the -source option. If it is correct and the master clock does not have a timing path to the generated clock, define the generated clock as a primary clock by using create_clock.
Running Vector-less Activity Propagation...
CRITICAL WARNING: [Timing 38-249] Generated clock hdmi_encoder/U0/SerialClk has no logical paths from master clock clk_out1_clk_wiz_0.
Resolution: Review the path between the master clock and the generated clock with the schematic viewer and correct the -source option. If it is correct and the master clock does not have a timing path to the generated clock, define the generated clock as a primary clock by using create_clock.

Finished Running Vector-less Activity Propagation
121 Infos, 0 Warnings, 11 Critical Warnings and 0 Errors encountered.
report_power completed successfully
INFO: [Vivado 12-24828] Executing command : report_clock_utilization -file si5351_ad9238_hdmi_top_test_clock_utilization_routed.rpt
INFO: [Timing 38-480] Writing timing data to binary archive.
Write ShapeDB Complete: Time (s): cpu = 00:00:00 ; elapsed = 00:00:00 . Memory (MB): peak = 3212.293 ; gain = 0.000 ; free physical = 4175 ; free virtual = 13349
Wrote PlaceDB: Time (s): cpu = 00:00:00.06 ; elapsed = 00:00:00.02 . Memory (MB): peak = 3212.293 ; gain = 0.000 ; free physical = 4175 ; free virtual = 13349
Wrote PulsedLatchDB: Time (s): cpu = 00:00:00 ; elapsed = 00:00:00 . Memory (MB): peak = 3212.293 ; gain = 0.000 ; free physical = 4175 ; free virtual = 13349
Writing XDEF routing.
Writing XDEF routing logical nets.
Writing XDEF routing special nets.
Wrote RouteStorage: Time (s): cpu = 00:00:00.02 ; elapsed = 00:00:00.02 . Memory (MB): peak = 3212.293 ; gain = 0.000 ; free physical = 4175 ; free virtual = 13350
Wrote Netlist Cache: Time (s): cpu = 00:00:00 ; elapsed = 00:00:00 . Memory (MB): peak = 3212.293 ; gain = 0.000 ; free physical = 4175 ; free virtual = 13350
Wrote Device Cache: Time (s): cpu = 00:00:00.01 ; elapsed = 00:00:00 . Memory (MB): peak = 3212.293 ; gain = 0.000 ; free physical = 4173 ; free virtual = 13349
Write Physdb Complete: Time (s): cpu = 00:00:00.09 ; elapsed = 00:00:00.04 . Memory (MB): peak = 3212.293 ; gain = 0.000 ; free physical = 4173 ; free virtual = 13349
INFO: [Common 17-1381] The checkpoint '/home/testpc/fpga_asist_dev/validation_test/si5351_ad9238_hdmi_project/fpga/vivado_gui/oscilloscope_test.runs/impl_1/si5351_ad9238_hdmi_top_test_routed.dcp' has been generated.
INFO: [Common 17-206] Exiting Vivado at Mon Feb 16 15:56:31 2026...
[Mon Feb 16 15:56:41 2026] impl_1 finished
wait_on_runs: Time (s): cpu = 00:00:00.63 ; elapsed = 00:00:31 . Memory (MB): peak = 1643.383 ; gain = 0.000 ; free physical = 6238 ; free virtual = 15416
# set impl_status [get_property STATUS [get_runs impl_1]]
# puts "Implementation Status: $impl_status"
Implementation Status: route_design Complete!
# if {$impl_status != "route_design Complete!"} {
#     puts "❌ IMPLEMENTATION FAILED!"
#     exit 1
# }
# puts "✅ IMPLEMENTATION BAŞARILI!"
✅ IMPLEMENTATION BAŞARILI!
# puts "\n========================================="

=========================================
# puts "STEP 3: BITSTREAM"
STEP 3: BITSTREAM
# puts "========================================="
=========================================
# launch_runs impl_1 -to_step write_bitstream
INFO: [Vivado 12-4149] The synthesis checkpoint for IP '/home/testpc/fpga_asist_dev/validation_test/si5351_ad9238_hdmi_project/fpga/vivado_gui/oscilloscope_test.srcs/sources_1/ip/clk_wiz_0/clk_wiz_0.xci' is already up-to-date
[Mon Feb 16 15:56:41 2026] Launched impl_1...
Run output will be captured here: /home/testpc/fpga_asist_dev/validation_test/si5351_ad9238_hdmi_project/fpga/vivado_gui/oscilloscope_test.runs/impl_1/runme.log
# wait_on_run impl_1
[Mon Feb 16 15:56:41 2026] Waiting for impl_1 to finish...

*** Running vivado
    with args -log si5351_ad9238_hdmi_top_test.vdi -applog -m64 -product Vivado -messageDb vivado.pb -mode batch -source si5351_ad9238_hdmi_top_test.tcl -notrace


****** Vivado v2025.1 (64-bit)
  **** SW Build 6140274 on Wed May 21 22:58:25 MDT 2025
  **** IP Build 6138677 on Thu May 22 03:10:11 MDT 2025
  **** SharedData Build 6139179 on Tue May 20 17:58:58 MDT 2025
  **** Start of session at: Mon Feb 16 15:56:12 2026
    ** Copyright 1986-2022 Xilinx, Inc. All Rights Reserved.
    ** Copyright 2022-2025 Advanced Micro Devices, Inc. All Rights Reserved.

source si5351_ad9238_hdmi_top_test.tcl -notrace
INFO: [IP_Flow 19-234] Refreshing IP repositories
INFO: [IP_Flow 19-1700] Loaded user IP repository '/home/testpc/fpga_asist_dev/validation_test/ax7010_fpga/18_ad9238_hdmi/auto_create_project/my_ip'.
INFO: [IP_Flow 19-2313] Loaded Vivado IP repository '/tools/Xilinx/2025.1/Vivado/data/ip'.
Command: link_design -top si5351_ad9238_hdmi_top_test -part xc7z010clg400-1
Design is defaulting to srcset: sources_1
Design is defaulting to constrset: constrs_1
INFO: [Device 21-403] Loading part xc7z010clg400-1
INFO: [Project 1-5699] Read binary netlist with skipMacroContent - 1
INFO: [Project 1-454] Reading design checkpoint '/home/testpc/fpga_asist_dev/validation_test/si5351_ad9238_hdmi_project/fpga/vivado_gui/oscilloscope_test.gen/sources_1/ip/rgb2dvi_0/rgb2dvi_0.dcp' for cell 'hdmi_encoder'
INFO: [Project 1-454] Reading design checkpoint '/home/testpc/fpga_asist_dev/validation_test/si5351_ad9238_hdmi_project/fpga/vivado_gui/oscilloscope_test.gen/sources_1/ip/clk_wiz_0/clk_wiz_0.dcp' for cell 'pll_inst'
Netlist sorting complete. Time (s): cpu = 00:00:00.01 ; elapsed = 00:00:00 . Memory (MB): peak = 1817.348 ; gain = 0.000 ; free physical = 5380 ; free virtual = 14546
INFO: [Netlist 29-17] Analyzing 32 Unisim elements for replacement
INFO: [Netlist 29-28] Unisim Transformation completed in 0 CPU seconds
INFO: [Project 1-479] Netlist was created with Vivado 2025.1
INFO: [Project 1-570] Preparing netlist for logic optimization
Parsing XDC File [/home/testpc/fpga_asist_dev/validation_test/si5351_ad9238_hdmi_project/fpga/vivado_gui/oscilloscope_test.gen/sources_1/ip/clk_wiz_0/clk_wiz_0_board.xdc] for cell 'pll_inst/inst'
Finished Parsing XDC File [/home/testpc/fpga_asist_dev/validation_test/si5351_ad9238_hdmi_project/fpga/vivado_gui/oscilloscope_test.gen/sources_1/ip/clk_wiz_0/clk_wiz_0_board.xdc] for cell 'pll_inst/inst'
Parsing XDC File [/home/testpc/fpga_asist_dev/validation_test/si5351_ad9238_hdmi_project/fpga/vivado_gui/oscilloscope_test.gen/sources_1/ip/clk_wiz_0/clk_wiz_0.xdc] for cell 'pll_inst/inst'
INFO: [Timing 38-35] Done setting XDC timing constraints. [/home/testpc/fpga_asist_dev/validation_test/si5351_ad9238_hdmi_project/fpga/vivado_gui/oscilloscope_test.gen/sources_1/ip/clk_wiz_0/clk_wiz_0.xdc:54]
INFO: [Timing 38-2] Deriving generated clocks [/home/testpc/fpga_asist_dev/validation_test/si5351_ad9238_hdmi_project/fpga/vivado_gui/oscilloscope_test.gen/sources_1/ip/clk_wiz_0/clk_wiz_0.xdc:54]
Finished Parsing XDC File [/home/testpc/fpga_asist_dev/validation_test/si5351_ad9238_hdmi_project/fpga/vivado_gui/oscilloscope_test.gen/sources_1/ip/clk_wiz_0/clk_wiz_0.xdc] for cell 'pll_inst/inst'
Parsing XDC File [/home/testpc/fpga_asist_dev/validation_test/si5351_ad9238_hdmi_project/fpga/vivado_gui/oscilloscope_test.gen/sources_1/ip/rgb2dvi_0/src/rgb2dvi.xdc] for cell 'hdmi_encoder/U0'
Finished Parsing XDC File [/home/testpc/fpga_asist_dev/validation_test/si5351_ad9238_hdmi_project/fpga/vivado_gui/oscilloscope_test.gen/sources_1/ip/rgb2dvi_0/src/rgb2dvi.xdc] for cell 'hdmi_encoder/U0'
Parsing XDC File [/home/testpc/fpga_asist_dev/validation_test/si5351_ad9238_hdmi_project/fpga/constraints/pins.xdc]
Finished Parsing XDC File [/home/testpc/fpga_asist_dev/validation_test/si5351_ad9238_hdmi_project/fpga/constraints/pins.xdc]
Parsing XDC File [/home/testpc/fpga_asist_dev/validation_test/si5351_ad9238_hdmi_project/fpga/vivado_gui/oscilloscope_test.gen/sources_1/ip/rgb2dvi_0/src/rgb2dvi_clocks.xdc] for cell 'hdmi_encoder/U0'
Finished Parsing XDC File [/home/testpc/fpga_asist_dev/validation_test/si5351_ad9238_hdmi_project/fpga/vivado_gui/oscilloscope_test.gen/sources_1/ip/rgb2dvi_0/src/rgb2dvi_clocks.xdc] for cell 'hdmi_encoder/U0'
INFO: [Opt 31-138] Pushed 0 inverter(s) to 0 load pin(s).
Netlist sorting complete. Time (s): cpu = 00:00:00 ; elapsed = 00:00:00 . Memory (MB): peak = 2445.812 ; gain = 0.000 ; free physical = 4836 ; free virtual = 14002
INFO: [Project 1-111] Unisim Transformation Summary:
No Unisim elements were transformed.

15 Infos, 0 Warnings, 0 Critical Warnings and 0 Errors encountered.
link_design completed successfully
Command: opt_design
Attempting to get a license for feature 'Implementation' and/or device 'xc7z010'
INFO: [Common 17-349] Got license for feature 'Implementation' and/or device 'xc7z010'
Running DRC as a precondition to command opt_design

Starting DRC Task
INFO: [DRC 23-27] Running DRC with 8 threads
INFO: [Project 1-461] DRC finished with 0 Errors
INFO: [Project 1-462] Please refer to the DRC report (report_drc) for more information.

Time (s): cpu = 00:00:02 ; elapsed = 00:00:00.54 . Memory (MB): peak = 2535.367 ; gain = 89.520 ; free physical = 4789 ; free virtual = 13954

Starting Cache Timing Information Task
INFO: [Timing 38-35] Done setting XDC timing constraints.
Ending Cache Timing Information Task | Checksum: 25d5a1381

Time (s): cpu = 00:00:00.02 ; elapsed = 00:00:00.02 . Memory (MB): peak = 2535.367 ; gain = 0.000 ; free physical = 4789 ; free virtual = 13954

Starting Logic Optimization Task

Phase 1 Initialization

Phase 1.1 Core Generation And Design Setup
Phase 1.1 Core Generation And Design Setup | Checksum: 25d5a1381

Time (s): cpu = 00:00:00.01 ; elapsed = 00:00:00 . Memory (MB): peak = 2836.352 ; gain = 0.000 ; free physical = 4458 ; free virtual = 13624

Phase 1.2 Setup Constraints And Sort Netlist
Phase 1.2 Setup Constraints And Sort Netlist | Checksum: 25d5a1381

Time (s): cpu = 00:00:00.01 ; elapsed = 00:00:00 . Memory (MB): peak = 2836.352 ; gain = 0.000 ; free physical = 4458 ; free virtual = 13624
Phase 1 Initialization | Checksum: 25d5a1381

Time (s): cpu = 00:00:00.01 ; elapsed = 00:00:00 . Memory (MB): peak = 2836.352 ; gain = 0.000 ; free physical = 4458 ; free virtual = 13624

Phase 2 Timer Update And Timing Data Collection

Phase 2.1 Timer Update
CRITICAL WARNING: [Timing 38-249] Generated clock hdmi_encoder/U0/SerialClk has no logical paths from master clock clk_out1_clk_wiz_0.
Resolution: Review the path between the master clock and the generated clock with the schematic viewer and correct the -source option. If it is correct and the master clock does not have a timing path to the generated clock, define the generated clock as a primary clock by using create_clock.
Phase 2.1 Timer Update | Checksum: 25d5a1381

Time (s): cpu = 00:00:00.02 ; elapsed = 00:00:00.01 . Memory (MB): peak = 2836.352 ; gain = 0.000 ; free physical = 4458 ; free virtual = 13624

Phase 2.2 Timing Data Collection
Phase 2.2 Timing Data Collection | Checksum: 25d5a1381

Time (s): cpu = 00:00:00.02 ; elapsed = 00:00:00.01 . Memory (MB): peak = 2836.352 ; gain = 0.000 ; free physical = 4458 ; free virtual = 13624
Phase 2 Timer Update And Timing Data Collection | Checksum: 25d5a1381

Time (s): cpu = 00:00:00.02 ; elapsed = 00:00:00.01 . Memory (MB): peak = 2836.352 ; gain = 0.000 ; free physical = 4458 ; free virtual = 13624

Phase 3 Retarget
INFO: [Opt 31-1851] Number of loadless carry chains removed were: 0
INFO: [Opt 31-1834] Total Chains To Be Transformed Were: 0 AND Number of Transformed insts Created are: 0
INFO: [Opt 31-1566] Pulled 3 inverters resulting in an inversion of 26 pins
INFO: [Opt 31-138] Pushed 1 inverter(s) to 1 load pin(s).
INFO: [Opt 31-49] Retargeted 0 cell(s).
Phase 3 Retarget | Checksum: 1dcb114cf

Time (s): cpu = 00:00:00.05 ; elapsed = 00:00:00.02 . Memory (MB): peak = 2836.352 ; gain = 0.000 ; free physical = 4458 ; free virtual = 13624
Retarget | Checksum: 1dcb114cf
INFO: [Opt 31-389] Phase Retarget created 13 cells and removed 20 cells
INFO: [Opt 31-1021] In phase Retarget, 1 netlist objects are constrained preventing optimization. Please run opt_design with -debug_log to get more detail. 

Phase 4 Constant propagation
INFO: [Opt 31-138] Pushed 2 inverter(s) to 10 load pin(s).
Phase 4 Constant propagation | Checksum: 285e9e5b5

Time (s): cpu = 00:00:00.09 ; elapsed = 00:00:00.04 . Memory (MB): peak = 2836.352 ; gain = 0.000 ; free physical = 4458 ; free virtual = 13624
Constant propagation | Checksum: 285e9e5b5
INFO: [Opt 31-389] Phase Constant propagation created 41 cells and removed 133 cells

Phase 5 Sweep
INFO: [Constraints 18-11670] Building netlist checker database with flags, 0x8
Done building netlist checker database: Time (s): cpu = 00:00:00 ; elapsed = 00:00:00 . Memory (MB): peak = 2836.352 ; gain = 0.000 ; free physical = 4458 ; free virtual = 13624
INFO: [Constraints 18-11670] Building netlist checker database with flags, 0x8
Done building netlist checker database: Time (s): cpu = 00:00:00 ; elapsed = 00:00:00 . Memory (MB): peak = 2836.352 ; gain = 0.000 ; free physical = 4458 ; free virtual = 13624
Phase 5 Sweep | Checksum: 1c07b8664

Time (s): cpu = 00:00:00.1 ; elapsed = 00:00:00.04 . Memory (MB): peak = 2836.352 ; gain = 0.000 ; free physical = 4458 ; free virtual = 13624
Sweep | Checksum: 1c07b8664
INFO: [Opt 31-389] Phase Sweep created 0 cells and removed 6 cells

Phase 6 BUFG optimization
Phase 6 BUFG optimization | Checksum: 1c07b8664

Time (s): cpu = 00:00:00.11 ; elapsed = 00:00:00.04 . Memory (MB): peak = 2868.367 ; gain = 32.016 ; free physical = 4458 ; free virtual = 13624
BUFG optimization | Checksum: 1c07b8664
INFO: [Opt 31-662] Phase BUFG optimization created 0 cells of which 0 are BUFGs and removed 0 cells.

Phase 7 Shift Register Optimization
INFO: [Opt 31-1064] SRL Remap converted 0 SRLs to 0 registers and converted 0 registers of register chains to 0 SRLs
Phase 7 Shift Register Optimization | Checksum: 1c07b8664

Time (s): cpu = 00:00:00.11 ; elapsed = 00:00:00.05 . Memory (MB): peak = 2868.367 ; gain = 32.016 ; free physical = 4458 ; free virtual = 13624
Shift Register Optimization | Checksum: 1c07b8664
INFO: [Opt 31-389] Phase Shift Register Optimization created 0 cells and removed 0 cells

Phase 8 Post Processing Netlist
Phase 8 Post Processing Netlist | Checksum: 1c07b8664

Time (s): cpu = 00:00:00.11 ; elapsed = 00:00:00.05 . Memory (MB): peak = 2868.367 ; gain = 32.016 ; free physical = 4458 ; free virtual = 13624
Post Processing Netlist | Checksum: 1c07b8664
INFO: [Opt 31-389] Phase Post Processing Netlist created 0 cells and removed 0 cells

Phase 9 Finalization

Phase 9.1 Finalizing Design Cores and Updating Shapes
Phase 9.1 Finalizing Design Cores and Updating Shapes | Checksum: 2fb06fcba

Time (s): cpu = 00:00:00.13 ; elapsed = 00:00:00.05 . Memory (MB): peak = 2868.367 ; gain = 32.016 ; free physical = 4458 ; free virtual = 13624

Phase 9.2 Verifying Netlist Connectivity

Starting Connectivity Check Task

Time (s): cpu = 00:00:00.01 ; elapsed = 00:00:00 . Memory (MB): peak = 2868.367 ; gain = 0.000 ; free physical = 4458 ; free virtual = 13624
Phase 9.2 Verifying Netlist Connectivity | Checksum: 2fb06fcba

Time (s): cpu = 00:00:00.14 ; elapsed = 00:00:00.05 . Memory (MB): peak = 2868.367 ; gain = 32.016 ; free physical = 4458 ; free virtual = 13624
Phase 9 Finalization | Checksum: 2fb06fcba

Time (s): cpu = 00:00:00.15 ; elapsed = 00:00:00.05 . Memory (MB): peak = 2868.367 ; gain = 32.016 ; free physical = 4458 ; free virtual = 13624
Opt_design Change Summary
=========================


-------------------------------------------------------------------------------------------------------------------------
|  Phase                        |  #Cells created  |  #Cells Removed  |  #Constrained objects preventing optimizations  |
-------------------------------------------------------------------------------------------------------------------------
|  Retarget                     |              13  |              20  |                                              1  |
|  Constant propagation         |              41  |             133  |                                              0  |
|  Sweep                        |               0  |               6  |                                              0  |
|  BUFG optimization            |               0  |               0  |                                              0  |
|  Shift Register Optimization  |               0  |               0  |                                              0  |
|  Post Processing Netlist      |               0  |               0  |                                              0  |
-------------------------------------------------------------------------------------------------------------------------


Ending Logic Optimization Task | Checksum: 2fb06fcba

Time (s): cpu = 00:00:00.15 ; elapsed = 00:00:00.05 . Memory (MB): peak = 2868.367 ; gain = 32.016 ; free physical = 4458 ; free virtual = 13624

Starting Power Optimization Task
INFO: [Pwropt 34-132] Skipping clock gating for clocks with a period < 2.00 ns.
INFO: [Pwropt 34-9] Applying IDT optimizations ...
INFO: [Pwropt 34-10] Applying ODC optimizations ...
INFO: [Timing 38-35] Done setting XDC timing constraints.
CRITICAL WARNING: [Timing 38-249] Generated clock hdmi_encoder/U0/SerialClk has no logical paths from master clock clk_out1_clk_wiz_0.
Resolution: Review the path between the master clock and the generated clock with the schematic viewer and correct the -source option. If it is correct and the master clock does not have a timing path to the generated clock, define the generated clock as a primary clock by using create_clock.
Running Vector-less Activity Propagation...

Finished Running Vector-less Activity Propagation


Starting PowerOpt Patch Enables Task
INFO: [Pwropt 34-162] WRITE_MODE attribute of 0 BRAM(s) out of a total of 1 has been updated to save power. Run report_power_opt to get a complete listing of the BRAMs updated.
INFO: [Pwropt 34-201] Structural ODC has moved 0 WE to EN ports
Number of BRAM Ports augmented: 0 newly gated: 0 Total Ports: 2
Ending PowerOpt Patch Enables Task | Checksum: 2fb06fcba

Time (s): cpu = 00:00:00 ; elapsed = 00:00:00 . Memory (MB): peak = 3145.359 ; gain = 0.000 ; free physical = 4333 ; free virtual = 13499
Ending Power Optimization Task | Checksum: 2fb06fcba

Time (s): cpu = 00:00:00.45 ; elapsed = 00:00:00.12 . Memory (MB): peak = 3145.359 ; gain = 276.992 ; free physical = 4333 ; free virtual = 13499

Starting Final Cleanup Task
Ending Final Cleanup Task | Checksum: 2fb06fcba

Time (s): cpu = 00:00:00 ; elapsed = 00:00:00 . Memory (MB): peak = 3145.359 ; gain = 0.000 ; free physical = 4333 ; free virtual = 13499

Starting Netlist Obfuscation Task
Netlist sorting complete. Time (s): cpu = 00:00:00.01 ; elapsed = 00:00:00 . Memory (MB): peak = 3145.359 ; gain = 0.000 ; free physical = 4333 ; free virtual = 13499
Ending Netlist Obfuscation Task | Checksum: 2fb06fcba

Time (s): cpu = 00:00:00.01 ; elapsed = 00:00:00 . Memory (MB): peak = 3145.359 ; gain = 0.000 ; free physical = 4333 ; free virtual = 13499
INFO: [Common 17-83] Releasing license: Implementation
43 Infos, 0 Warnings, 2 Critical Warnings and 0 Errors encountered.
opt_design completed successfully
INFO: [Vivado 12-24828] Executing command : report_drc -file si5351_ad9238_hdmi_top_test_drc_opted.rpt -pb si5351_ad9238_hdmi_top_test_drc_opted.pb -rpx si5351_ad9238_hdmi_top_test_drc_opted.rpx
Command: report_drc -file si5351_ad9238_hdmi_top_test_drc_opted.rpt -pb si5351_ad9238_hdmi_top_test_drc_opted.pb -rpx si5351_ad9238_hdmi_top_test_drc_opted.rpx
INFO: [IP_Flow 19-1839] IP Catalog is up to date.
INFO: [DRC 23-27] Running DRC with 8 threads
INFO: [Vivado_Tcl 2-168] The results of DRC are in file /home/testpc/fpga_asist_dev/validation_test/si5351_ad9238_hdmi_project/fpga/vivado_gui/oscilloscope_test.runs/impl_1/si5351_ad9238_hdmi_top_test_drc_opted.rpt.
report_drc completed successfully
INFO: [Timing 38-35] Done setting XDC timing constraints.
INFO: [Timing 38-480] Writing timing data to binary archive.
Write ShapeDB Complete: Time (s): cpu = 00:00:00 ; elapsed = 00:00:00 . Memory (MB): peak = 3145.359 ; gain = 0.000 ; free physical = 4324 ; free virtual = 13490
Wrote PlaceDB: Time (s): cpu = 00:00:00 ; elapsed = 00:00:00.01 . Memory (MB): peak = 3145.359 ; gain = 0.000 ; free physical = 4324 ; free virtual = 13490
Wrote PulsedLatchDB: Time (s): cpu = 00:00:00 ; elapsed = 00:00:00 . Memory (MB): peak = 3145.359 ; gain = 0.000 ; free physical = 4324 ; free virtual = 13490
Writing XDEF routing.
Writing XDEF routing logical nets.
Writing XDEF routing special nets.
Wrote RouteStorage: Time (s): cpu = 00:00:00.04 ; elapsed = 00:00:00.01 . Memory (MB): peak = 3145.359 ; gain = 0.000 ; free physical = 4323 ; free virtual = 13489
Wrote Netlist Cache: Time (s): cpu = 00:00:00 ; elapsed = 00:00:00 . Memory (MB): peak = 3145.359 ; gain = 0.000 ; free physical = 4323 ; free virtual = 13489
Wrote Device Cache: Time (s): cpu = 00:00:00.01 ; elapsed = 00:00:00 . Memory (MB): peak = 3145.359 ; gain = 0.000 ; free physical = 4323 ; free virtual = 13489
Write Physdb Complete: Time (s): cpu = 00:00:00.05 ; elapsed = 00:00:00.02 . Memory (MB): peak = 3145.359 ; gain = 0.000 ; free physical = 4323 ; free virtual = 13489
INFO: [Common 17-1381] The checkpoint '/home/testpc/fpga_asist_dev/validation_test/si5351_ad9238_hdmi_project/fpga/vivado_gui/oscilloscope_test.runs/impl_1/si5351_ad9238_hdmi_top_test_opt.dcp' has been generated.
Command: place_design
Attempting to get a license for feature 'Implementation' and/or device 'xc7z010'
INFO: [Common 17-349] Got license for feature 'Implementation' and/or device 'xc7z010'
INFO: [Common 17-83] Releasing license: Implementation
INFO: [DRC 23-27] Running DRC with 8 threads
INFO: [Vivado_Tcl 4-198] DRC finished with 0 Errors
INFO: [Vivado_Tcl 4-199] Please refer to the DRC report (report_drc) for more information.
Running DRC as a precondition to command place_design
INFO: [DRC 23-27] Running DRC with 8 threads
INFO: [Vivado_Tcl 4-198] DRC finished with 0 Errors
INFO: [Vivado_Tcl 4-199] Please refer to the DRC report (report_drc) for more information.
INFO: [Place 30-611] Multithreading enabled for place_design using a maximum of 8 CPUs

Starting Placer Task

Phase 1 Placer Initialization

Phase 1.1 Placer Initialization Netlist Sorting
Netlist sorting complete. Time (s): cpu = 00:00:00 ; elapsed = 00:00:00 . Memory (MB): peak = 3145.359 ; gain = 0.000 ; free physical = 4287 ; free virtual = 13453
Phase 1.1 Placer Initialization Netlist Sorting | Checksum: 236c1e897

Time (s): cpu = 00:00:00 ; elapsed = 00:00:00.01 . Memory (MB): peak = 3145.359 ; gain = 0.000 ; free physical = 4287 ; free virtual = 13453
Netlist sorting complete. Time (s): cpu = 00:00:00 ; elapsed = 00:00:00 . Memory (MB): peak = 3145.359 ; gain = 0.000 ; free physical = 4287 ; free virtual = 13453

Phase 1.2 IO Placement/ Clock Placement/ Build Placer Device
Phase 1.2 IO Placement/ Clock Placement/ Build Placer Device | Checksum: 17594934f

Time (s): cpu = 00:00:00.15 ; elapsed = 00:00:00.04 . Memory (MB): peak = 3145.359 ; gain = 0.000 ; free physical = 4287 ; free virtual = 13453

Phase 1.3 Build Placer Netlist Model
CRITICAL WARNING: [Timing 38-249] Generated clock hdmi_encoder/U0/SerialClk has no logical paths from master clock clk_out1_clk_wiz_0.
Resolution: Review the path between the master clock and the generated clock with the schematic viewer and correct the -source option. If it is correct and the master clock does not have a timing path to the generated clock, define the generated clock as a primary clock by using create_clock.
Phase 1.3 Build Placer Netlist Model | Checksum: 1ca1bb22c

Time (s): cpu = 00:00:00.39 ; elapsed = 00:00:00.1 . Memory (MB): peak = 3145.359 ; gain = 0.000 ; free physical = 4287 ; free virtual = 13453

Phase 1.4 Constrain Clocks/Macros
Phase 1.4 Constrain Clocks/Macros | Checksum: 1ca1bb22c

Time (s): cpu = 00:00:00.39 ; elapsed = 00:00:00.1 . Memory (MB): peak = 3145.359 ; gain = 0.000 ; free physical = 4287 ; free virtual = 13453
Phase 1 Placer Initialization | Checksum: 1ca1bb22c

Time (s): cpu = 00:00:00.39 ; elapsed = 00:00:00.1 . Memory (MB): peak = 3145.359 ; gain = 0.000 ; free physical = 4287 ; free virtual = 13453

Phase 2 Global Placement

Phase 2.1 Floorplanning
Phase 2.1 Floorplanning | Checksum: 1bde33386

Time (s): cpu = 00:00:00.52 ; elapsed = 00:00:00.13 . Memory (MB): peak = 3145.359 ; gain = 0.000 ; free physical = 4288 ; free virtual = 13455

Phase 2.2 Update Timing before SLR Path Opt
Phase 2.2 Update Timing before SLR Path Opt | Checksum: 2725e8e1f

Time (s): cpu = 00:00:00.57 ; elapsed = 00:00:00.14 . Memory (MB): peak = 3145.359 ; gain = 0.000 ; free physical = 4309 ; free virtual = 13476

Phase 2.3 Post-Processing in Floorplanning
Phase 2.3 Post-Processing in Floorplanning | Checksum: 2725e8e1f

Time (s): cpu = 00:00:00.57 ; elapsed = 00:00:00.14 . Memory (MB): peak = 3145.359 ; gain = 0.000 ; free physical = 4309 ; free virtual = 13476

Phase 2.4 Global Place Phase1
Phase 2.4 Global Place Phase1 | Checksum: 22b2f8be2

Time (s): cpu = 00:00:02 ; elapsed = 00:00:00.47 . Memory (MB): peak = 3145.359 ; gain = 0.000 ; free physical = 4330 ; free virtual = 13497

Phase 2.5 Global Place Phase2

Phase 2.5.1 UpdateTiming Before Physical Synthesis
Phase 2.5.1 UpdateTiming Before Physical Synthesis | Checksum: 21197a92d

Time (s): cpu = 00:00:02 ; elapsed = 00:00:00.48 . Memory (MB): peak = 3145.359 ; gain = 0.000 ; free physical = 4339 ; free virtual = 13506

Phase 2.5.2 Physical Synthesis In Placer
INFO: [Physopt 32-1035] Found 0 LUTNM shape to break, 24 LUT instances to create LUTNM shape
INFO: [Physopt 32-1044] Break lutnm for timing: one critical 0, two critical 0, total 0, new lutff created 0
INFO: [Physopt 32-1138] End 1 Pass. Optimized 11 nets or LUTs. Breaked 0 LUT, combined 11 existing LUTs and moved 0 existing LUT
INFO: [Physopt 32-65] No nets found for high-fanout optimization.
INFO: [Physopt 32-232] Optimized 0 net. Created 0 new instance.
INFO: [Physopt 32-775] End 1 Pass. Optimized 0 net or cell. Created 0 new cell, deleted 0 existing cell and moved 0 existing cell
INFO: [Physopt 32-670] No setup violation found.  DSP Register Optimization was not performed.
INFO: [Physopt 32-670] No setup violation found.  Shift Register to Pipeline Optimization was not performed.
INFO: [Physopt 32-670] No setup violation found.  Shift Register Optimization was not performed.
INFO: [Physopt 32-670] No setup violation found.  BRAM Register Optimization was not performed.
INFO: [Physopt 32-670] No setup violation found.  URAM Register Optimization was not performed.
INFO: [Physopt 32-949] No candidate nets found for dynamic/static region interface net replication
INFO: [Physopt 32-775] End 1 Pass. Optimized 0 net or cell. Created 0 new cell, deleted 0 existing cell and moved 0 existing cell
Netlist sorting complete. Time (s): cpu = 00:00:00 ; elapsed = 00:00:00 . Memory (MB): peak = 3145.359 ; gain = 0.000 ; free physical = 4343 ; free virtual = 13509

Summary of Physical Synthesis Optimizations
============================================


-----------------------------------------------------------------------------------------------------------------------------------------------------------
|  Optimization                                     |  Added Cells  |  Removed Cells  |  Optimized Cells/Nets  |  Dont Touch  |  Iterations  |  Elapsed   |
-----------------------------------------------------------------------------------------------------------------------------------------------------------
|  LUT Combining                                    |            0  |             11  |                    11  |           0  |           1  |  00:00:00  |
|  Retime                                           |            0  |              0  |                     0  |           0  |           1  |  00:00:00  |
|  Very High Fanout                                 |            0  |              0  |                     0  |           0  |           1  |  00:00:00  |
|  DSP Register                                     |            0  |              0  |                     0  |           0  |           0  |  00:00:00  |
|  Shift Register to Pipeline                       |            0  |              0  |                     0  |           0  |           0  |  00:00:00  |
|  Shift Register                                   |            0  |              0  |                     0  |           0  |           0  |  00:00:00  |
|  BRAM Register                                    |            0  |              0  |                     0  |           0  |           0  |  00:00:00  |
|  URAM Register                                    |            0  |              0  |                     0  |           0  |           0  |  00:00:00  |
|  Dynamic/Static Region Interface Net Replication  |            0  |              0  |                     0  |           0  |           1  |  00:00:00  |
|  Total                                            |            0  |             11  |                    11  |           0  |           4  |  00:00:00  |
-----------------------------------------------------------------------------------------------------------------------------------------------------------


Phase 2.5.2 Physical Synthesis In Placer | Checksum: 1d44bef2b

Time (s): cpu = 00:00:02 ; elapsed = 00:00:00.64 . Memory (MB): peak = 3145.359 ; gain = 0.000 ; free physical = 4343 ; free virtual = 13509
Phase 2.5 Global Place Phase2 | Checksum: 236660978

Time (s): cpu = 00:00:02 ; elapsed = 00:00:00.67 . Memory (MB): peak = 3145.359 ; gain = 0.000 ; free physical = 4342 ; free virtual = 13508
Phase 2 Global Placement | Checksum: 236660978

Time (s): cpu = 00:00:02 ; elapsed = 00:00:00.67 . Memory (MB): peak = 3145.359 ; gain = 0.000 ; free physical = 4342 ; free virtual = 13508

Phase 3 Detail Placement

Phase 3.1 Commit Multi Column Macros
Phase 3.1 Commit Multi Column Macros | Checksum: 2348d7554

Time (s): cpu = 00:00:02 ; elapsed = 00:00:00.68 . Memory (MB): peak = 3145.359 ; gain = 0.000 ; free physical = 4342 ; free virtual = 13508

Phase 3.2 Commit Most Macros & LUTRAMs
Phase 3.2 Commit Most Macros & LUTRAMs | Checksum: 22b7610ea

Time (s): cpu = 00:00:03 ; elapsed = 00:00:00.71 . Memory (MB): peak = 3145.359 ; gain = 0.000 ; free physical = 4341 ; free virtual = 13507

Phase 3.3 Area Swap Optimization
Phase 3.3 Area Swap Optimization | Checksum: 2ac938b63

Time (s): cpu = 00:00:03 ; elapsed = 00:00:00.71 . Memory (MB): peak = 3145.359 ; gain = 0.000 ; free physical = 4340 ; free virtual = 13507

Phase 3.4 Pipeline Register Optimization
Phase 3.4 Pipeline Register Optimization | Checksum: 215e22de9

Time (s): cpu = 00:00:03 ; elapsed = 00:00:00.71 . Memory (MB): peak = 3145.359 ; gain = 0.000 ; free physical = 4340 ; free virtual = 13507

Phase 3.5 Small Shape Detail Placement
Phase 3.5 Small Shape Detail Placement | Checksum: 17867cef1

Time (s): cpu = 00:00:03 ; elapsed = 00:00:00.77 . Memory (MB): peak = 3145.359 ; gain = 0.000 ; free physical = 4335 ; free virtual = 13502

Phase 3.6 Re-assign LUT pins
Phase 3.6 Re-assign LUT pins | Checksum: 187407b7d

Time (s): cpu = 00:00:03 ; elapsed = 00:00:00.78 . Memory (MB): peak = 3145.359 ; gain = 0.000 ; free physical = 4335 ; free virtual = 13502

Phase 3.7 Pipeline Register Optimization
Phase 3.7 Pipeline Register Optimization | Checksum: 21c7718ff

Time (s): cpu = 00:00:03 ; elapsed = 00:00:00.79 . Memory (MB): peak = 3145.359 ; gain = 0.000 ; free physical = 4335 ; free virtual = 13502
Phase 3 Detail Placement | Checksum: 21c7718ff

Time (s): cpu = 00:00:03 ; elapsed = 00:00:00.79 . Memory (MB): peak = 3145.359 ; gain = 0.000 ; free physical = 4335 ; free virtual = 13502

Phase 4 Post Placement Optimization and Clean-Up

Phase 4.1 Post Commit Optimization
INFO: [Timing 38-35] Done setting XDC timing constraints.
CRITICAL WARNING: [Timing 38-249] Generated clock hdmi_encoder/U0/SerialClk has no logical paths from master clock clk_out1_clk_wiz_0.
Resolution: Review the path between the master clock and the generated clock with the schematic viewer and correct the -source option. If it is correct and the master clock does not have a timing path to the generated clock, define the generated clock as a primary clock by using create_clock.

Phase 4.1.1 Post Placement Optimization
Post Placement Optimization Initialization | Checksum: 1d3b49da8

Phase 4.1.1.1 BUFG Insertion

Starting Physical Synthesis Task

Phase 1 Physical Synthesis Initialization
INFO: [Physopt 32-721] Multithreading enabled for phys_opt_design using a maximum of 8 CPUs
INFO: [Physopt 32-619] Estimated Timing Summary | WNS=1.308 | TNS=0.000 |
Phase 1 Physical Synthesis Initialization | Checksum: 1dc0c15a0

Time (s): cpu = 00:00:00.05 ; elapsed = 00:00:00 . Memory (MB): peak = 3145.359 ; gain = 0.000 ; free physical = 4335 ; free virtual = 13502
INFO: [Place 46-56] BUFG insertion identified 0 candidate nets. Inserted BUFG: 0, Replicated BUFG Driver: 0, Skipped due to Placement/Routing Conflicts: 0, Skipped due to Timing Degradation: 0, Skipped due to netlist editing failed: 0.
CRITICAL WARNING: [Timing 38-249] Generated clock hdmi_encoder/U0/SerialClk has no logical paths from master clock clk_out1_clk_wiz_0.
Resolution: Review the path between the master clock and the generated clock with the schematic viewer and correct the -source option. If it is correct and the master clock does not have a timing path to the generated clock, define the generated clock as a primary clock by using create_clock.
Ending Physical Synthesis Task | Checksum: 1afbcaa52

Time (s): cpu = 00:00:00.07 ; elapsed = 00:00:00 . Memory (MB): peak = 3145.359 ; gain = 0.000 ; free physical = 4335 ; free virtual = 13502
Phase 4.1.1.1 BUFG Insertion | Checksum: 1d3b49da8

Time (s): cpu = 00:00:03 ; elapsed = 00:00:00.85 . Memory (MB): peak = 3145.359 ; gain = 0.000 ; free physical = 4335 ; free virtual = 13502

Phase 4.1.1.2 Post Placement Timing Optimization
INFO: [Place 30-746] Post Placement Timing Summary WNS=1.308. For the most accurate timing information please run report_timing.
Phase 4.1.1.2 Post Placement Timing Optimization | Checksum: 1477a22ad

Time (s): cpu = 00:00:03 ; elapsed = 00:00:00.85 . Memory (MB): peak = 3145.359 ; gain = 0.000 ; free physical = 4335 ; free virtual = 13502

Time (s): cpu = 00:00:03 ; elapsed = 00:00:00.86 . Memory (MB): peak = 3145.359 ; gain = 0.000 ; free physical = 4335 ; free virtual = 13502
Phase 4.1 Post Commit Optimization | Checksum: 1477a22ad

Time (s): cpu = 00:00:03 ; elapsed = 00:00:00.86 . Memory (MB): peak = 3145.359 ; gain = 0.000 ; free physical = 4335 ; free virtual = 13502

Phase 4.2 Post Placement Cleanup
Phase 4.2 Post Placement Cleanup | Checksum: 1477a22ad

Time (s): cpu = 00:00:03 ; elapsed = 00:00:00.86 . Memory (MB): peak = 3145.359 ; gain = 0.000 ; free physical = 4335 ; free virtual = 13502

Phase 4.3 Placer Reporting

Phase 4.3.1 Print Estimated Congestion
INFO: [Place 30-612] Post-Placement Estimated Congestion 
 ____________________________________________________
|           | Global Congestion | Short Congestion  |
| Direction | Region Size       | Region Size       |
|___________|___________________|___________________|
|      North|                1x1|                1x1|
|___________|___________________|___________________|
|      South|                1x1|                1x1|
|___________|___________________|___________________|
|       East|                1x1|                1x1|
|___________|___________________|___________________|
|       West|                1x1|                1x1|
|___________|___________________|___________________|

Phase 4.3.1 Print Estimated Congestion | Checksum: 1477a22ad

Time (s): cpu = 00:00:03 ; elapsed = 00:00:00.86 . Memory (MB): peak = 3145.359 ; gain = 0.000 ; free physical = 4335 ; free virtual = 13502
Phase 4.3 Placer Reporting | Checksum: 1477a22ad

Time (s): cpu = 00:00:03 ; elapsed = 00:00:00.86 . Memory (MB): peak = 3145.359 ; gain = 0.000 ; free physical = 4335 ; free virtual = 13502

Phase 4.4 Final Placement Cleanup
Netlist sorting complete. Time (s): cpu = 00:00:00 ; elapsed = 00:00:00 . Memory (MB): peak = 3145.359 ; gain = 0.000 ; free physical = 4335 ; free virtual = 13502

Time (s): cpu = 00:00:03 ; elapsed = 00:00:00.86 . Memory (MB): peak = 3145.359 ; gain = 0.000 ; free physical = 4335 ; free virtual = 13502
Phase 4 Post Placement Optimization and Clean-Up | Checksum: 20a4f793b

Time (s): cpu = 00:00:03 ; elapsed = 00:00:00.86 . Memory (MB): peak = 3145.359 ; gain = 0.000 ; free physical = 4335 ; free virtual = 13502
Ending Placer Task | Checksum: 1ae4cecbd

Time (s): cpu = 00:00:03 ; elapsed = 00:00:00.86 . Memory (MB): peak = 3145.359 ; gain = 0.000 ; free physical = 4335 ; free virtual = 13502
78 Infos, 0 Warnings, 5 Critical Warnings and 0 Errors encountered.
place_design completed successfully
INFO: [Vivado 12-24838] Running report commands "report_control_sets, report_io, report_utilization" in parallel.
Running report generation with 3 threads.
INFO: [Vivado 12-24828] Executing command : report_control_sets -verbose -file si5351_ad9238_hdmi_top_test_control_sets_placed.rpt
report_control_sets: Time (s): cpu = 00:00:00.06 ; elapsed = 00:00:00.05 . Memory (MB): peak = 3145.359 ; gain = 0.000 ; free physical = 4310 ; free virtual = 13476
INFO: [Vivado 12-24828] Executing command : report_utilization -file si5351_ad9238_hdmi_top_test_utilization_placed.rpt -pb si5351_ad9238_hdmi_top_test_utilization_placed.pb
INFO: [Vivado 12-24828] Executing command : report_io -file si5351_ad9238_hdmi_top_test_io_placed.rpt
report_io: Time (s): cpu = 00:00:00.13 ; elapsed = 00:00:00.11 . Memory (MB): peak = 3145.359 ; gain = 0.000 ; free physical = 4292 ; free virtual = 13458
INFO: [Timing 38-480] Writing timing data to binary archive.
Write ShapeDB Complete: Time (s): cpu = 00:00:00.01 ; elapsed = 00:00:00 . Memory (MB): peak = 3145.359 ; gain = 0.000 ; free physical = 4292 ; free virtual = 13458
Wrote PlaceDB: Time (s): cpu = 00:00:00.05 ; elapsed = 00:00:00.02 . Memory (MB): peak = 3145.359 ; gain = 0.000 ; free physical = 4292 ; free virtual = 13458
Wrote PulsedLatchDB: Time (s): cpu = 00:00:00 ; elapsed = 00:00:00 . Memory (MB): peak = 3145.359 ; gain = 0.000 ; free physical = 4292 ; free virtual = 13458
Writing XDEF routing.
Writing XDEF routing logical nets.
Writing XDEF routing special nets.
Wrote RouteStorage: Time (s): cpu = 00:00:00.02 ; elapsed = 00:00:00.01 . Memory (MB): peak = 3145.359 ; gain = 0.000 ; free physical = 4294 ; free virtual = 13461
Wrote Netlist Cache: Time (s): cpu = 00:00:00 ; elapsed = 00:00:00 . Memory (MB): peak = 3145.359 ; gain = 0.000 ; free physical = 4294 ; free virtual = 13461
Wrote Device Cache: Time (s): cpu = 00:00:00 ; elapsed = 00:00:00 . Memory (MB): peak = 3145.359 ; gain = 0.000 ; free physical = 4294 ; free virtual = 13462
Write Physdb Complete: Time (s): cpu = 00:00:00.08 ; elapsed = 00:00:00.03 . Memory (MB): peak = 3145.359 ; gain = 0.000 ; free physical = 4294 ; free virtual = 13462
INFO: [Common 17-1381] The checkpoint '/home/testpc/fpga_asist_dev/validation_test/si5351_ad9238_hdmi_project/fpga/vivado_gui/oscilloscope_test.runs/impl_1/si5351_ad9238_hdmi_top_test_placed.dcp' has been generated.
Command: phys_opt_design
Attempting to get a license for feature 'Implementation' and/or device 'xc7z010'
INFO: [Common 17-349] Got license for feature 'Implementation' and/or device 'xc7z010'

Starting Initial Update Timing Task
CRITICAL WARNING: [Timing 38-249] Generated clock hdmi_encoder/U0/SerialClk has no logical paths from master clock clk_out1_clk_wiz_0.
Resolution: Review the path between the master clock and the generated clock with the schematic viewer and correct the -source option. If it is correct and the master clock does not have a timing path to the generated clock, define the generated clock as a primary clock by using create_clock.

Time (s): cpu = 00:00:00.07 ; elapsed = 00:00:00.03 . Memory (MB): peak = 3145.359 ; gain = 0.000 ; free physical = 4286 ; free virtual = 13452
INFO: [Vivado_Tcl 4-2279] Estimated Timing Summary | WNS= 1.308 | TNS= 0.000 | 
INFO: [Vivado_Tcl 4-383] Design worst setup slack (WNS) is greater than or equal to 0.000 ns. All physical synthesis setup optimizations will be skipped.
INFO: [Vivado_Tcl 4-232] No setup violation found. The netlist was not modified.
INFO: [Common 17-83] Releasing license: Implementation
89 Infos, 0 Warnings, 6 Critical Warnings and 0 Errors encountered.
phys_opt_design completed successfully
INFO: [Timing 38-480] Writing timing data to binary archive.
Write ShapeDB Complete: Time (s): cpu = 00:00:00.01 ; elapsed = 00:00:00 . Memory (MB): peak = 3145.359 ; gain = 0.000 ; free physical = 4286 ; free virtual = 13452
Wrote PlaceDB: Time (s): cpu = 00:00:00.05 ; elapsed = 00:00:00.01 . Memory (MB): peak = 3145.359 ; gain = 0.000 ; free physical = 4283 ; free virtual = 13450
Wrote PulsedLatchDB: Time (s): cpu = 00:00:00 ; elapsed = 00:00:00 . Memory (MB): peak = 3145.359 ; gain = 0.000 ; free physical = 4283 ; free virtual = 13450
Writing XDEF routing.
Writing XDEF routing logical nets.
Writing XDEF routing special nets.
Wrote RouteStorage: Time (s): cpu = 00:00:00.02 ; elapsed = 00:00:00.01 . Memory (MB): peak = 3145.359 ; gain = 0.000 ; free physical = 4283 ; free virtual = 13450
Wrote Netlist Cache: Time (s): cpu = 00:00:00 ; elapsed = 00:00:00 . Memory (MB): peak = 3145.359 ; gain = 0.000 ; free physical = 4283 ; free virtual = 13451
Wrote Device Cache: Time (s): cpu = 00:00:00.01 ; elapsed = 00:00:00 . Memory (MB): peak = 3145.359 ; gain = 0.000 ; free physical = 4283 ; free virtual = 13451
Write Physdb Complete: Time (s): cpu = 00:00:00.08 ; elapsed = 00:00:00.03 . Memory (MB): peak = 3145.359 ; gain = 0.000 ; free physical = 4283 ; free virtual = 13452
INFO: [Common 17-1381] The checkpoint '/home/testpc/fpga_asist_dev/validation_test/si5351_ad9238_hdmi_project/fpga/vivado_gui/oscilloscope_test.runs/impl_1/si5351_ad9238_hdmi_top_test_physopt.dcp' has been generated.
Command: route_design
Attempting to get a license for feature 'Implementation' and/or device 'xc7z010'
INFO: [Common 17-349] Got license for feature 'Implementation' and/or device 'xc7z010'


Starting Routing Task
INFO: [Route 35-254] Multithreading enabled for route_design using a maximum of 8 CPUs

Phase 1 Build RT Design
Checksum: PlaceDB: 52554500 ConstDB: 0 ShapeSum: f25f5092 RouteDB: 6998572b
Post Restoration Checksum: NetGraph: 4d8fbd7 | NumContArr: 29683d62 | Constraints: c2a8fa9d | Timing: c2a8fa9d
Phase 1 Build RT Design | Checksum: 1b3932e73

Time (s): cpu = 00:00:04 ; elapsed = 00:00:04 . Memory (MB): peak = 3145.359 ; gain = 0.000 ; free physical = 4349 ; free virtual = 13524

Phase 2 Router Initialization

Phase 2.1 Fix Topology Constraints
Phase 2.1 Fix Topology Constraints | Checksum: 1b3932e73

Time (s): cpu = 00:00:04 ; elapsed = 00:00:04 . Memory (MB): peak = 3145.359 ; gain = 0.000 ; free physical = 4349 ; free virtual = 13524

Phase 2.2 Pre Route Cleanup
Phase 2.2 Pre Route Cleanup | Checksum: 1b3932e73

Time (s): cpu = 00:00:04 ; elapsed = 00:00:04 . Memory (MB): peak = 3145.359 ; gain = 0.000 ; free physical = 4349 ; free virtual = 13524
 Number of Nodes with overlaps = 0

Phase 2.3 Update Timing
Phase 2.3 Update Timing | Checksum: 1f2074171

Time (s): cpu = 00:00:04 ; elapsed = 00:00:04 . Memory (MB): peak = 3145.359 ; gain = 0.000 ; free physical = 4349 ; free virtual = 13524
INFO: [Route 35-416] Intermediate Timing Summary | WNS=1.313  | TNS=0.000  | WHS=-0.442 | THS=-9.553 |


Phase 2.4 Soft Constraint Pins - Fast Budgeting
Phase 2.4 Soft Constraint Pins - Fast Budgeting | Checksum: 19113e9c4

Time (s): cpu = 00:00:04 ; elapsed = 00:00:04 . Memory (MB): peak = 3145.359 ; gain = 0.000 ; free physical = 4349 ; free virtual = 13524

Router Utilization Summary
  Global Vertical Routing Utilization    = 0 %
  Global Horizontal Routing Utilization  = 0 %
  Routable Net Status*
  *Does not include unroutable nets such as driverless and loadless.
  Run report_route_status for detailed report.
  Number of Failed Nets               = 428
    (Failed Nets is the sum of unrouted and partially routed nets)
  Number of Unrouted Nets             = 428
  Number of Partially Routed Nets     = 0
  Number of Node Overlaps             = 0

Phase 2 Router Initialization | Checksum: 128ee90cd

Time (s): cpu = 00:00:04 ; elapsed = 00:00:04 . Memory (MB): peak = 3145.359 ; gain = 0.000 ; free physical = 4349 ; free virtual = 13524

Phase 3 Global Routing
Phase 3 Global Routing | Checksum: 128ee90cd

Time (s): cpu = 00:00:04 ; elapsed = 00:00:04 . Memory (MB): peak = 3145.359 ; gain = 0.000 ; free physical = 4349 ; free virtual = 13524

Phase 4 Initial Routing

Phase 4.1 Initial Net Routing Pass
Phase 4.1 Initial Net Routing Pass | Checksum: 294eaa39e

Time (s): cpu = 00:00:05 ; elapsed = 00:00:04 . Memory (MB): peak = 3145.359 ; gain = 0.000 ; free physical = 4349 ; free virtual = 13524
Phase 4 Initial Routing | Checksum: 294eaa39e

Time (s): cpu = 00:00:05 ; elapsed = 00:00:04 . Memory (MB): peak = 3145.359 ; gain = 0.000 ; free physical = 4349 ; free virtual = 13524

Phase 5 Rip-up And Reroute

Phase 5.1 Global Iteration 0
 Number of Nodes with overlaps = 92
 Number of Nodes with overlaps = 30
 Number of Nodes with overlaps = 14
 Number of Nodes with overlaps = 9
 Number of Nodes with overlaps = 6
 Number of Nodes with overlaps = 6
 Number of Nodes with overlaps = 6
 Number of Nodes with overlaps = 2
 Number of Nodes with overlaps = 1
 Number of Nodes with overlaps = 0
INFO: [Route 35-416] Intermediate Timing Summary | WNS=1.236  | TNS=0.000  | WHS=N/A    | THS=N/A    |

Phase 5.1 Global Iteration 0 | Checksum: 20a2a8425

Time (s): cpu = 00:00:05 ; elapsed = 00:00:04 . Memory (MB): peak = 3145.359 ; gain = 0.000 ; free physical = 4348 ; free virtual = 13524

Phase 5.2 Global Iteration 1
 Number of Nodes with overlaps = 1
 Number of Nodes with overlaps = 0
INFO: [Route 35-416] Intermediate Timing Summary | WNS=1.234  | TNS=0.000  | WHS=N/A    | THS=N/A    |

Phase 5.2 Global Iteration 1 | Checksum: 221e1023e

Time (s): cpu = 00:00:05 ; elapsed = 00:00:04 . Memory (MB): peak = 3145.359 ; gain = 0.000 ; free physical = 4348 ; free virtual = 13524
Phase 5 Rip-up And Reroute | Checksum: 221e1023e

Time (s): cpu = 00:00:05 ; elapsed = 00:00:04 . Memory (MB): peak = 3145.359 ; gain = 0.000 ; free physical = 4348 ; free virtual = 13524

Phase 6 Delay and Skew Optimization

Phase 6.1 Delay CleanUp
Phase 6.1 Delay CleanUp | Checksum: 221e1023e

Time (s): cpu = 00:00:05 ; elapsed = 00:00:04 . Memory (MB): peak = 3145.359 ; gain = 0.000 ; free physical = 4348 ; free virtual = 13524

Phase 6.2 Clock Skew Optimization
Phase 6.2 Clock Skew Optimization | Checksum: 221e1023e

Time (s): cpu = 00:00:05 ; elapsed = 00:00:04 . Memory (MB): peak = 3145.359 ; gain = 0.000 ; free physical = 4348 ; free virtual = 13524
Phase 6 Delay and Skew Optimization | Checksum: 221e1023e

Time (s): cpu = 00:00:05 ; elapsed = 00:00:04 . Memory (MB): peak = 3145.359 ; gain = 0.000 ; free physical = 4348 ; free virtual = 13524

Phase 7 Post Hold Fix

Phase 7.1 Hold Fix Iter
INFO: [Route 35-416] Intermediate Timing Summary | WNS=1.349  | TNS=0.000  | WHS=0.094  | THS=0.000  |

Phase 7.1 Hold Fix Iter | Checksum: 1d48c2f58

Time (s): cpu = 00:00:05 ; elapsed = 00:00:04 . Memory (MB): peak = 3145.359 ; gain = 0.000 ; free physical = 4348 ; free virtual = 13524
Phase 7 Post Hold Fix | Checksum: 1d48c2f58

Time (s): cpu = 00:00:05 ; elapsed = 00:00:04 . Memory (MB): peak = 3145.359 ; gain = 0.000 ; free physical = 4348 ; free virtual = 13524

Phase 8 Route finalize

Router Utilization Summary
  Global Vertical Routing Utilization    = 0.142314 %
  Global Horizontal Routing Utilization  = 0.184513 %
  Routable Net Status*
  *Does not include unroutable nets such as driverless and loadless.
  Run report_route_status for detailed report.
  Number of Failed Nets               = 0
    (Failed Nets is the sum of unrouted and partially routed nets)
  Number of Unrouted Nets             = 0
  Number of Partially Routed Nets     = 0
  Number of Node Overlaps             = 0

Phase 8 Route finalize | Checksum: 1d48c2f58

Time (s): cpu = 00:00:05 ; elapsed = 00:00:04 . Memory (MB): peak = 3145.359 ; gain = 0.000 ; free physical = 4348 ; free virtual = 13524

Phase 9 Verifying routed nets

 Verification completed successfully
Phase 9 Verifying routed nets | Checksum: 1d48c2f58

Time (s): cpu = 00:00:05 ; elapsed = 00:00:04 . Memory (MB): peak = 3145.359 ; gain = 0.000 ; free physical = 4348 ; free virtual = 13524

Phase 10 Depositing Routes
Phase 10 Depositing Routes | Checksum: 1d6604481

Time (s): cpu = 00:00:05 ; elapsed = 00:00:04 . Memory (MB): peak = 3145.359 ; gain = 0.000 ; free physical = 4348 ; free virtual = 13524

Phase 11 Post Process Routing
Phase 11 Post Process Routing | Checksum: 1d6604481

Time (s): cpu = 00:00:05 ; elapsed = 00:00:04 . Memory (MB): peak = 3145.359 ; gain = 0.000 ; free physical = 4348 ; free virtual = 13524

Phase 12 Post Router Timing
INFO: [Route 35-57] Estimated Timing Summary | WNS=1.349  | TNS=0.000  | WHS=0.094  | THS=0.000  |

INFO: [Route 35-327] The final timing numbers are based on the router estimated timing analysis. For a complete and accurate timing signoff, please run report_timing_summary.
Phase 12 Post Router Timing | Checksum: 1d6604481

Time (s): cpu = 00:00:05 ; elapsed = 00:00:04 . Memory (MB): peak = 3145.359 ; gain = 0.000 ; free physical = 4349 ; free virtual = 13524
Total Elapsed time in route_design: 4.37 secs

Phase 13 Post-Route Event Processing
Phase 13 Post-Route Event Processing | Checksum: 1f8181f11

Time (s): cpu = 00:00:05 ; elapsed = 00:00:04 . Memory (MB): peak = 3145.359 ; gain = 0.000 ; free physical = 4349 ; free virtual = 13524
INFO: [Route 35-16] Router Completed Successfully
Ending Routing Task | Checksum: 1f8181f11

Time (s): cpu = 00:00:05 ; elapsed = 00:00:04 . Memory (MB): peak = 3145.359 ; gain = 0.000 ; free physical = 4350 ; free virtual = 13526

Routing Is Done.
INFO: [Common 17-83] Releasing license: Implementation
101 Infos, 0 Warnings, 6 Critical Warnings and 0 Errors encountered.
route_design completed successfully
INFO: [Vivado 12-24828] Executing command : report_drc -file si5351_ad9238_hdmi_top_test_drc_routed.rpt -pb si5351_ad9238_hdmi_top_test_drc_routed.pb -rpx si5351_ad9238_hdmi_top_test_drc_routed.rpx
Command: report_drc -file si5351_ad9238_hdmi_top_test_drc_routed.rpt -pb si5351_ad9238_hdmi_top_test_drc_routed.pb -rpx si5351_ad9238_hdmi_top_test_drc_routed.rpx
INFO: [IP_Flow 19-1839] IP Catalog is up to date.
INFO: [DRC 23-27] Running DRC with 8 threads
INFO: [Vivado_Tcl 2-168] The results of DRC are in file /home/testpc/fpga_asist_dev/validation_test/si5351_ad9238_hdmi_project/fpga/vivado_gui/oscilloscope_test.runs/impl_1/si5351_ad9238_hdmi_top_test_drc_routed.rpt.
report_drc completed successfully
INFO: [Vivado 12-24828] Executing command : report_methodology -file si5351_ad9238_hdmi_top_test_methodology_drc_routed.rpt -pb si5351_ad9238_hdmi_top_test_methodology_drc_routed.pb -rpx si5351_ad9238_hdmi_top_test_methodology_drc_routed.rpx
Command: report_methodology -file si5351_ad9238_hdmi_top_test_methodology_drc_routed.rpt -pb si5351_ad9238_hdmi_top_test_methodology_drc_routed.pb -rpx si5351_ad9238_hdmi_top_test_methodology_drc_routed.rpx
INFO: [Timing 38-35] Done setting XDC timing constraints.
CRITICAL WARNING: [Timing 38-249] Generated clock hdmi_encoder/U0/SerialClk has no logical paths from master clock clk_out1_clk_wiz_0.
Resolution: Review the path between the master clock and the generated clock with the schematic viewer and correct the -source option. If it is correct and the master clock does not have a timing path to the generated clock, define the generated clock as a primary clock by using create_clock.
INFO: [DRC 23-133] Running Methodology with 8 threads
INFO: [Vivado_Tcl 2-1520] The results of Report Methodology are in file /home/testpc/fpga_asist_dev/validation_test/si5351_ad9238_hdmi_project/fpga/vivado_gui/oscilloscope_test.runs/impl_1/si5351_ad9238_hdmi_top_test_methodology_drc_routed.rpt.
report_methodology completed successfully
INFO: [Vivado 12-24828] Executing command : report_timing_summary -max_paths 10 -routable_nets -report_unconstrained -file si5351_ad9238_hdmi_top_test_timing_summary_routed.rpt -pb si5351_ad9238_hdmi_top_test_timing_summary_routed.pb -rpx si5351_ad9238_hdmi_top_test_timing_summary_routed.rpx -warn_on_violation 
INFO: [Timing 38-35] Done setting XDC timing constraints.
INFO: [Timing 38-91] UpdateTimingParams: Speed grade: -1, Delay Type: min_max.
INFO: [Timing 38-191] Multithreading enabled for timing update using a maximum of 8 CPUs
CRITICAL WARNING: [Timing 38-249] Generated clock hdmi_encoder/U0/SerialClk has no logical paths from master clock clk_out1_clk_wiz_0.
Resolution: Review the path between the master clock and the generated clock with the schematic viewer and correct the -source option. If it is correct and the master clock does not have a timing path to the generated clock, define the generated clock as a primary clock by using create_clock.
INFO: [Vivado 12-24838] Running report commands "report_bus_skew, report_incremental_reuse, report_route_status" in parallel.
Running report generation with 3 threads.
INFO: [Vivado 12-24828] Executing command : report_route_status -file si5351_ad9238_hdmi_top_test_route_status.rpt -pb si5351_ad9238_hdmi_top_test_route_status.pb
INFO: [Vivado 12-24828] Executing command : report_incremental_reuse -file si5351_ad9238_hdmi_top_test_incremental_reuse_routed.rpt
INFO: [Vivado_Tcl 4-1062] Incremental flow is disabled. No incremental reuse Info to report.
INFO: [Vivado 12-24828] Executing command : report_bus_skew -warn_on_violation -file si5351_ad9238_hdmi_top_test_bus_skew_routed.rpt -pb si5351_ad9238_hdmi_top_test_bus_skew_routed.pb -rpx si5351_ad9238_hdmi_top_test_bus_skew_routed.rpx
INFO: [Timing 38-91] UpdateTimingParams: Speed grade: -1, Delay Type: min_max.
INFO: [Timing 38-191] Multithreading enabled for timing update using a maximum of 8 CPUs
CRITICAL WARNING: [Timing 38-249] Generated clock hdmi_encoder/U0/SerialClk has no logical paths from master clock clk_out1_clk_wiz_0.
Resolution: Review the path between the master clock and the generated clock with the schematic viewer and correct the -source option. If it is correct and the master clock does not have a timing path to the generated clock, define the generated clock as a primary clock by using create_clock.
INFO: [Vivado 12-24828] Executing command : report_power -file si5351_ad9238_hdmi_top_test_power_routed.rpt -pb si5351_ad9238_hdmi_top_test_power_summary_routed.pb -rpx si5351_ad9238_hdmi_top_test_power_routed.rpx
Command: report_power -file si5351_ad9238_hdmi_top_test_power_routed.rpt -pb si5351_ad9238_hdmi_top_test_power_summary_routed.pb -rpx si5351_ad9238_hdmi_top_test_power_routed.rpx
CRITICAL WARNING: [Timing 38-249] Generated clock hdmi_encoder/U0/SerialClk has no logical paths from master clock clk_out1_clk_wiz_0.
Resolution: Review the path between the master clock and the generated clock with the schematic viewer and correct the -source option. If it is correct and the master clock does not have a timing path to the generated clock, define the generated clock as a primary clock by using create_clock.
Running Vector-less Activity Propagation...
CRITICAL WARNING: [Timing 38-249] Generated clock hdmi_encoder/U0/SerialClk has no logical paths from master clock clk_out1_clk_wiz_0.
Resolution: Review the path between the master clock and the generated clock with the schematic viewer and correct the -source option. If it is correct and the master clock does not have a timing path to the generated clock, define the generated clock as a primary clock by using create_clock.

Finished Running Vector-less Activity Propagation
121 Infos, 0 Warnings, 11 Critical Warnings and 0 Errors encountered.
report_power completed successfully
INFO: [Vivado 12-24828] Executing command : report_clock_utilization -file si5351_ad9238_hdmi_top_test_clock_utilization_routed.rpt
INFO: [Timing 38-480] Writing timing data to binary archive.
Write ShapeDB Complete: Time (s): cpu = 00:00:00 ; elapsed = 00:00:00 . Memory (MB): peak = 3212.293 ; gain = 0.000 ; free physical = 4175 ; free virtual = 13349
Wrote PlaceDB: Time (s): cpu = 00:00:00.06 ; elapsed = 00:00:00.02 . Memory (MB): peak = 3212.293 ; gain = 0.000 ; free physical = 4175 ; free virtual = 13349
Wrote PulsedLatchDB: Time (s): cpu = 00:00:00 ; elapsed = 00:00:00 . Memory (MB): peak = 3212.293 ; gain = 0.000 ; free physical = 4175 ; free virtual = 13349
Writing XDEF routing.
Writing XDEF routing logical nets.
Writing XDEF routing special nets.
Wrote RouteStorage: Time (s): cpu = 00:00:00.02 ; elapsed = 00:00:00.02 . Memory (MB): peak = 3212.293 ; gain = 0.000 ; free physical = 4175 ; free virtual = 13350
Wrote Netlist Cache: Time (s): cpu = 00:00:00 ; elapsed = 00:00:00 . Memory (MB): peak = 3212.293 ; gain = 0.000 ; free physical = 4175 ; free virtual = 13350
Wrote Device Cache: Time (s): cpu = 00:00:00.01 ; elapsed = 00:00:00 . Memory (MB): peak = 3212.293 ; gain = 0.000 ; free physical = 4173 ; free virtual = 13349
Write Physdb Complete: Time (s): cpu = 00:00:00.09 ; elapsed = 00:00:00.04 . Memory (MB): peak = 3212.293 ; gain = 0.000 ; free physical = 4173 ; free virtual = 13349
INFO: [Common 17-1381] The checkpoint '/home/testpc/fpga_asist_dev/validation_test/si5351_ad9238_hdmi_project/fpga/vivado_gui/oscilloscope_test.runs/impl_1/si5351_ad9238_hdmi_top_test_routed.dcp' has been generated.
INFO: [Common 17-206] Exiting Vivado at Mon Feb 16 15:56:31 2026...

*** Running vivado
    with args -log si5351_ad9238_hdmi_top_test.vdi -applog -m64 -product Vivado -messageDb vivado.pb -mode batch -source si5351_ad9238_hdmi_top_test.tcl -notrace


****** Vivado v2025.1 (64-bit)
  **** SW Build 6140274 on Wed May 21 22:58:25 MDT 2025
  **** IP Build 6138677 on Thu May 22 03:10:11 MDT 2025
  **** SharedData Build 6139179 on Tue May 20 17:58:58 MDT 2025
  **** Start of session at: Mon Feb 16 15:56:43 2026
    ** Copyright 1986-2022 Xilinx, Inc. All Rights Reserved.
    ** Copyright 2022-2025 Advanced Micro Devices, Inc. All Rights Reserved.

source si5351_ad9238_hdmi_top_test.tcl -notrace
Command: open_checkpoint si5351_ad9238_hdmi_top_test_routed.dcp
INFO: [Device 21-403] Loading part xc7z010clg400-1
Netlist sorting complete. Time (s): cpu = 00:00:00 ; elapsed = 00:00:00 . Memory (MB): peak = 1808.941 ; gain = 0.000 ; free physical = 4191 ; free virtual = 13369
INFO: [Netlist 29-17] Analyzing 32 Unisim elements for replacement
INFO: [Netlist 29-28] Unisim Transformation completed in 0 CPU seconds
INFO: [Project 1-479] Netlist was created with Vivado 2025.1
INFO: [Project 1-570] Preparing netlist for logic optimization
Read ShapeDB Complete: Time (s): cpu = 00:00:00 ; elapsed = 00:00:00 . Memory (MB): peak = 1869.816 ; gain = 0.000 ; free physical = 4909 ; free virtual = 14078
INFO: [Timing 38-478] Restoring timing data from binary archive.
INFO: [Timing 38-479] Binary timing data restore complete.
INFO: [Project 1-856] Restoring constraints from binary archive.
INFO: [Project 1-853] Binary constraint restore complete.
INFO: [Designutils 20-5722] Start Reading Physical Databases.
Reading placement.
Read Netlist Cache: Time (s): cpu = 00:00:00 ; elapsed = 00:00:00 . Memory (MB): peak = 2369.504 ; gain = 0.000 ; free physical = 4369 ; free virtual = 13540
Reading placer database...
Read Device Cache: Time (s): cpu = 00:00:00 ; elapsed = 00:00:00.01 . Memory (MB): peak = 2369.504 ; gain = 0.000 ; free physical = 4369 ; free virtual = 13540
Read PlaceDB: Time (s): cpu = 00:00:00.01 ; elapsed = 00:00:00.01 . Memory (MB): peak = 2369.504 ; gain = 0.000 ; free physical = 4369 ; free virtual = 13540
Read PulsedLatchDB: Time (s): cpu = 00:00:00 ; elapsed = 00:00:00 . Memory (MB): peak = 2369.504 ; gain = 0.000 ; free physical = 4369 ; free virtual = 13540
Reading routing.
Read RouteStorage: Time (s): cpu = 00:00:00.01 ; elapsed = 00:00:00 . Memory (MB): peak = 2369.504 ; gain = 0.000 ; free physical = 4369 ; free virtual = 13540
Read Physdb Files: Time (s): cpu = 00:00:00.02 ; elapsed = 00:00:00.02 . Memory (MB): peak = 2369.504 ; gain = 0.000 ; free physical = 4369 ; free virtual = 13540
Restored from archive | CPU: 0.050000 secs | Memory: 1.752831 MB |
Finished XDEF File Restore: Time (s): cpu = 00:00:00.04 ; elapsed = 00:00:00.03 . Memory (MB): peak = 2369.504 ; gain = 0.000 ; free physical = 4369 ; free virtual = 13540
Netlist sorting complete. Time (s): cpu = 00:00:00 ; elapsed = 00:00:00 . Memory (MB): peak = 2369.504 ; gain = 0.000 ; free physical = 4369 ; free virtual = 13540
INFO: [Project 1-111] Unisim Transformation Summary:
No Unisim elements were transformed.

INFO: [Project 1-604] Checkpoint was created with Vivado v2025.1 (64-bit) build 6140274
WARNING: [Vivado 12-23575] Critical violations of the methodology design rules detected. Critical violations may contribute to timing failures or cause functional issues in hardware. Run report_methodology for more information.
open_checkpoint: Time (s): cpu = 00:00:08 ; elapsed = 00:00:05 . Memory (MB): peak = 2369.539 ; gain = 834.973 ; free physical = 4369 ; free virtual = 13540
Command: write_bitstream -force si5351_ad9238_hdmi_top_test.bit
Attempting to get a license for feature 'Implementation' and/or device 'xc7z010'
INFO: [Common 17-349] Got license for feature 'Implementation' and/or device 'xc7z010'
Running DRC as a precondition to command write_bitstream
INFO: [IP_Flow 19-234] Refreshing IP repositories
INFO: [IP_Flow 19-1704] No user IP repositories specified
INFO: [IP_Flow 19-2313] Loaded Vivado IP repository '/tools/Xilinx/2025.1/Vivado/data/ip'.
INFO: [DRC 23-27] Running DRC with 8 threads
INFO: [Vivado 12-3199] DRC finished with 0 Errors
INFO: [Vivado 12-3200] Please refer to the DRC report (report_drc) for more information.
INFO: [Designutils 20-2272] Running write_bitstream with 8 threads.
Loading data files...
Loading site data...
Loading route data...
Processing options...
Creating bitmap...
Creating bitstream...
Bitstream compression saved 13574144 bits.
Writing bitstream ./si5351_ad9238_hdmi_top_test.bit...
INFO: [Vivado 12-1842] Bitgen Completed Successfully.
INFO: [Project 1-1876] WebTalk data collection is mandatory when using a ULT device. To see the specific WebTalk data collected for your design, open the usage_statistics_webtalk.html or usage_statistics_webtalk.xml file in the implementation directory.
INFO: [Common 17-83] Releasing license: Implementation
23 Infos, 1 Warnings, 0 Critical Warnings and 0 Errors encountered.
write_bitstream completed successfully
write_bitstream: Time (s): cpu = 00:00:07 ; elapsed = 00:00:09 . Memory (MB): peak = 2834.723 ; gain = 465.184 ; free physical = 4703 ; free virtual = 13874
INFO: [Common 17-206] Exiting Vivado at Mon Feb 16 15:56:59 2026...
[Mon Feb 16 15:56:59 2026] impl_1 finished
wait_on_runs: Time (s): cpu = 00:00:00.62 ; elapsed = 00:00:18 . Memory (MB): peak = 1643.383 ; gain = 0.000 ; free physical = 4743 ; free virtual = 13914
# set bit_status [get_property STATUS [get_runs impl_1]]
# puts "Bitstream Status: $bit_status"
Bitstream Status: write_bitstream Complete!
# if {$bit_status == "write_bitstream Complete!"} {
#     puts "✅ BITSTREAM OLUŞTURULDU!"
#     puts "\nBitstream dosyası:"
#     puts "vivado_gui/oscilloscope_test.runs/impl_1/si5351_ad9238_hdmi_top_test.bit"
# } else {
#     puts "❌ BITSTREAM FAILED!"
#     exit 1
# }
✅ BITSTREAM OLUŞTURULDU!

Bitstream dosyası:
vivado_gui/oscilloscope_test.runs/impl_1/si5351_ad9238_hdmi_top_test.bit
# puts "\n========================================="

=========================================
# puts "TÜM İŞLEMLER TAMAMLANDI!"
TÜM İŞLEMLER TAMAMLANDI!
# puts "========================================="
=========================================
Vivado% 