#-----------------------------------------------------------
# Vivado v2025.1 (64-bit)
# SW Build 6140274 on Wed May 21 22:58:25 MDT 2025
# IP Build 6138677 on Thu May 22 03:10:11 MDT 2025
# SharedData Build 6139179 on Tue May 20 17:58:58 MDT 2025
# Start of session at: Mon Feb 16 16:38:45 2026
# Process ID         : 2858140
# Current directory  : /home/testpc/fpga_asist_dev/validation_test/si5351_ad9238_hdmi_project/fpga
# Command line       : vivado -mode batch -source run_synth_impl.tcl
# Log file           : /home/testpc/fpga_asist_dev/validation_test/si5351_ad9238_hdmi_project/fpga/vivado.log
# Journal file       : /home/testpc/fpga_asist_dev/validation_test/si5351_ad9238_hdmi_project/fpga/vivado.jou
# Running On         : testpc-MS-7D98
# Platform           : Ubuntu
# Operating System   : Ubuntu 22.04.5 LTS
# Processor Detail   : Intel(R) Core(TM) i7-14700K
# CPU Frequency      : 889.129 MHz
# CPU Physical cores : 20
# CPU Logical cores  : 28
# Host memory        : 33413 MB
# Swap memory        : 2147 MB
# Total Virtual      : 35560 MB
# Available Virtual  : 20042 MB
#-----------------------------------------------------------
source run_synth_impl.tcl
# puts "========================================="
=========================================
# puts "Starting Synthesis..."
Starting Synthesis...
# puts "========================================="
=========================================
# open_project vivado_gui/oscilloscope_test.xpr
Scanning sources...
Finished scanning sources
WARNING: [Board 49-26] cannot add Board Part xilinx.com:zcu208ld:part0:2.0 available at /tools/Xilinx/2025.1/data/xhub/boards/XilinxBoardStore/boards/Xilinx/zcu208ld/production/2.0/board.xml as part xczu58dr-fsvg1517-2-i specified in board_part file is either invalid or not available
WARNING: [Board 49-26] cannot add Board Part xilinx.com:zcu216ld:part0:2.0 available at /tools/Xilinx/2025.1/data/xhub/boards/XilinxBoardStore/boards/Xilinx/zcu216ld/production/2.0/board.xml as part xczu59dr-ffvf1760-2-i specified in board_part file is either invalid or not available
WARNING: [Board 49-26] cannot add Board Part xilinx.com:zcu670ld:part0:1.0 available at /tools/Xilinx/2025.1/data/xhub/boards/XilinxBoardStore/boards/Xilinx/zcu670ld/1.0/board.xml as part xczu57dr-fsve1156-2-i specified in board_part file is either invalid or not available
WARNING: [Project 1-5713] Board part '' set for the project  is not found. BoardPart property will be unset. Please select board from latest repo build 
INFO: [IP_Flow 19-234] Refreshing IP repositories
INFO: [IP_Flow 19-1700] Loaded user IP repository '/home/testpc/fpga_asist_dev/validation_test/ax7010_fpga/18_ad9238_hdmi/auto_create_project/my_ip'.
INFO: [IP_Flow 19-2313] Loaded Vivado IP repository '/tools/Xilinx/2025.1/Vivado/data/ip'.
# set_property board_part "" [current_project]
# reset_run synth_1
INFO: [Project 1-1161] Replacing file /home/testpc/fpga_asist_dev/validation_test/si5351_ad9238_hdmi_project/fpga/vivado_gui/oscilloscope_test.srcs/utils_1/imports/synth_1/si5351_ad9238_hdmi_top_test.dcp with file /home/testpc/fpga_asist_dev/validation_test/si5351_ad9238_hdmi_project/fpga/vivado_gui/oscilloscope_test.runs/synth_1/si5351_ad9238_hdmi_top_test.dcp
# launch_runs synth_1 -jobs 8
INFO: [Vivado 12-4149] The synthesis checkpoint for IP '/home/testpc/fpga_asist_dev/validation_test/si5351_ad9238_hdmi_project/fpga/vivado_gui/oscilloscope_test.srcs/sources_1/ip/clk_wiz_0/clk_wiz_0.xci' is already up-to-date
[Mon Feb 16 16:38:48 2026] Launched synth_1...
Run output will be captured here: /home/testpc/fpga_asist_dev/validation_test/si5351_ad9238_hdmi_project/fpga/vivado_gui/oscilloscope_test.runs/synth_1/runme.log
# wait_on_run synth_1
[Mon Feb 16 16:38:48 2026] Waiting for synth_1 to finish...

*** Running vivado
    with args -log si5351_ad9238_hdmi_top_test.vds -m64 -product Vivado -mode batch -messageDb vivado.pb -notrace -source si5351_ad9238_hdmi_top_test.tcl


****** Vivado v2025.1 (64-bit)
  **** SW Build 6140274 on Wed May 21 22:58:25 MDT 2025
  **** IP Build 6138677 on Thu May 22 03:10:11 MDT 2025
  **** SharedData Build 6139179 on Tue May 20 17:58:58 MDT 2025
  **** Start of session at: Mon Feb 16 16:38:49 2026
    ** Copyright 1986-2022 Xilinx, Inc. All Rights Reserved.
    ** Copyright 2022-2025 Advanced Micro Devices, Inc. All Rights Reserved.

source si5351_ad9238_hdmi_top_test.tcl -notrace
INFO: [IP_Flow 19-234] Refreshing IP repositories
INFO: [IP_Flow 19-1700] Loaded user IP repository '/home/testpc/fpga_asist_dev/validation_test/ax7010_fpga/18_ad9238_hdmi/auto_create_project/my_ip'.
INFO: [IP_Flow 19-2313] Loaded Vivado IP repository '/tools/Xilinx/2025.1/Vivado/data/ip'.
Command: read_checkpoint -auto_incremental -incremental /home/testpc/fpga_asist_dev/validation_test/si5351_ad9238_hdmi_project/fpga/vivado_gui/oscilloscope_test.srcs/utils_1/imports/synth_1/si5351_ad9238_hdmi_top_test.dcp
INFO: [Vivado 12-5825] Read reference checkpoint from /home/testpc/fpga_asist_dev/validation_test/si5351_ad9238_hdmi_project/fpga/vivado_gui/oscilloscope_test.srcs/utils_1/imports/synth_1/si5351_ad9238_hdmi_top_test.dcp for incremental synthesis
INFO: [Vivado 12-7989] Please ensure there are no constraint changes
Command: synth_design -top si5351_ad9238_hdmi_top_test -part xc7z010clg400-1
Starting synth_design
Attempting to get a license for feature 'Synthesis' and/or device 'xc7z010'
INFO: [Common 17-349] Got license for feature 'Synthesis' and/or device 'xc7z010'
INFO: [Device 21-403] Loading part xc7z010clg400-1
INFO: [Designutils 20-5440] No compile time benefit to using incremental synthesis; A full resynthesis will be run
INFO: [Designutils 20-4379] Flow is switching to default flow due to incremental criteria not met. If you would like to alter this behaviour and have the flow terminate instead, please set the following parameter config_implementation {autoIncr.Synth.RejectBehavior Terminate}
INFO: [Synth 8-7079] Multithreading enabled for synth_design using a maximum of 7 processes.
INFO: [Synth 8-7078] Launching helper process for spawning children vivado processes
INFO: [Synth 8-7075] Helper process launched with PID 2858375
---------------------------------------------------------------------------------
Starting RTL Elaboration : Time (s): cpu = 00:00:02 ; elapsed = 00:00:02 . Memory (MB): peak = 2243.777 ; gain = 440.711 ; free physical = 7498 ; free virtual = 16781
---------------------------------------------------------------------------------
INFO: [Synth 8-6157] synthesizing module 'si5351_ad9238_hdmi_top_test' [/home/testpc/fpga_asist_dev/validation_test/si5351_ad9238_hdmi_project/fpga/src/top_simplified.v:8]
INFO: [Synth 8-6157] synthesizing module 'clk_wiz_0' [/home/testpc/fpga_asist_dev/validation_test/si5351_ad9238_hdmi_project/fpga/vivado_gui/oscilloscope_test.runs/synth_1/.Xil/Vivado-2858306-testpc-MS-7D98/realtime/clk_wiz_0_stub.v:6]
INFO: [Synth 8-6155] done synthesizing module 'clk_wiz_0' (0#1) [/home/testpc/fpga_asist_dev/validation_test/si5351_ad9238_hdmi_project/fpga/vivado_gui/oscilloscope_test.runs/synth_1/.Xil/Vivado-2858306-testpc-MS-7D98/realtime/clk_wiz_0_stub.v:6]
INFO: [Synth 8-6157] synthesizing module 'test_square_wave_gen' [/home/testpc/fpga_asist_dev/validation_test/si5351_ad9238_hdmi_project/fpga/src/test_square_wave_gen.v:8]
	Parameter CLK_FREQ_MHZ bound to: 65 - type: integer 
	Parameter WAVE_FREQ_KHZ bound to: 100 - type: integer 
INFO: [Synth 8-6155] done synthesizing module 'test_square_wave_gen' (0#1) [/home/testpc/fpga_asist_dev/validation_test/si5351_ad9238_hdmi_project/fpga/src/test_square_wave_gen.v:8]
INFO: [Synth 8-6157] synthesizing module 'waveform_display' [/home/testpc/fpga_asist_dev/validation_test/si5351_ad9238_hdmi_project/fpga/src/waveform_display.v:7]
INFO: [Synth 8-6155] done synthesizing module 'waveform_display' (0#1) [/home/testpc/fpga_asist_dev/validation_test/si5351_ad9238_hdmi_project/fpga/src/waveform_display.v:7]
INFO: [Synth 8-6157] synthesizing module 'rgb2dvi_0' [/home/testpc/fpga_asist_dev/validation_test/si5351_ad9238_hdmi_project/fpga/vivado_gui/oscilloscope_test.runs/synth_1/.Xil/Vivado-2858306-testpc-MS-7D98/realtime/rgb2dvi_0_stub.v:6]
INFO: [Synth 8-6155] done synthesizing module 'rgb2dvi_0' (0#1) [/home/testpc/fpga_asist_dev/validation_test/si5351_ad9238_hdmi_project/fpga/vivado_gui/oscilloscope_test.runs/synth_1/.Xil/Vivado-2858306-testpc-MS-7D98/realtime/rgb2dvi_0_stub.v:6]
WARNING: [Synth 8-7071] port 'oen' of module 'rgb2dvi_0' is unconnected for instance 'hdmi_encoder' [/home/testpc/fpga_asist_dev/validation_test/si5351_ad9238_hdmi_project/fpga/src/top_simplified.v:107]
WARNING: [Synth 8-7023] instance 'hdmi_encoder' of module 'rgb2dvi_0' has 12 connections declared, but only 11 given [/home/testpc/fpga_asist_dev/validation_test/si5351_ad9238_hdmi_project/fpga/src/top_simplified.v:107]
INFO: [Synth 8-6155] done synthesizing module 'si5351_ad9238_hdmi_top_test' (0#1) [/home/testpc/fpga_asist_dev/validation_test/si5351_ad9238_hdmi_project/fpga/src/top_simplified.v:8]
WARNING: [Synth 8-3917] design si5351_ad9238_hdmi_top_test has port hdmi_oen driven by constant 1
---------------------------------------------------------------------------------
Finished RTL Elaboration : Time (s): cpu = 00:00:02 ; elapsed = 00:00:03 . Memory (MB): peak = 2326.746 ; gain = 523.680 ; free physical = 7455 ; free virtual = 16738
---------------------------------------------------------------------------------
---------------------------------------------------------------------------------
Start Handling Custom Attributes
---------------------------------------------------------------------------------
---------------------------------------------------------------------------------
Finished Handling Custom Attributes : Time (s): cpu = 00:00:02 ; elapsed = 00:00:03 . Memory (MB): peak = 2341.590 ; gain = 538.523 ; free physical = 7455 ; free virtual = 16738
---------------------------------------------------------------------------------
---------------------------------------------------------------------------------
Finished RTL Optimization Phase 1 : Time (s): cpu = 00:00:02 ; elapsed = 00:00:03 . Memory (MB): peak = 2341.590 ; gain = 538.523 ; free physical = 7455 ; free virtual = 16738
---------------------------------------------------------------------------------
Netlist sorting complete. Time (s): cpu = 00:00:00.01 ; elapsed = 00:00:00 . Memory (MB): peak = 2341.590 ; gain = 0.000 ; free physical = 7455 ; free virtual = 16738
INFO: [Project 1-570] Preparing netlist for logic optimization

Processing XDC Constraints
Initializing timing engine
Parsing XDC File [/home/testpc/fpga_asist_dev/validation_test/si5351_ad9238_hdmi_project/fpga/vivado_gui/oscilloscope_test.gen/sources_1/ip/clk_wiz_0/clk_wiz_0/clk_wiz_0_in_context.xdc] for cell 'pll_inst'
Finished Parsing XDC File [/home/testpc/fpga_asist_dev/validation_test/si5351_ad9238_hdmi_project/fpga/vivado_gui/oscilloscope_test.gen/sources_1/ip/clk_wiz_0/clk_wiz_0/clk_wiz_0_in_context.xdc] for cell 'pll_inst'
Parsing XDC File [/home/testpc/fpga_asist_dev/validation_test/si5351_ad9238_hdmi_project/fpga/vivado_gui/oscilloscope_test.gen/sources_1/ip/rgb2dvi_0/rgb2dvi_0/rgb2dvi_0_in_context.xdc] for cell 'hdmi_encoder'
Finished Parsing XDC File [/home/testpc/fpga_asist_dev/validation_test/si5351_ad9238_hdmi_project/fpga/vivado_gui/oscilloscope_test.gen/sources_1/ip/rgb2dvi_0/rgb2dvi_0/rgb2dvi_0_in_context.xdc] for cell 'hdmi_encoder'
Parsing XDC File [/home/testpc/fpga_asist_dev/validation_test/si5351_ad9238_hdmi_project/fpga/constraints/pins.xdc]
WARNING: [Vivado 12-627] No clocks matched 'clk_out1_clk_wiz_0'. [/home/testpc/fpga_asist_dev/validation_test/si5351_ad9238_hdmi_project/fpga/constraints/pins.xdc:25]
INFO: [Vivado 12-626] No clocks found. Please use 'create_clock' or 'create_generated_clock' command to create clocks. [/home/testpc/fpga_asist_dev/validation_test/si5351_ad9238_hdmi_project/fpga/constraints/pins.xdc:25]
WARNING: [Vivado 12-627] No clocks matched 'hdmi_encoder/U0/SerialClk'. [/home/testpc/fpga_asist_dev/validation_test/si5351_ad9238_hdmi_project/fpga/constraints/pins.xdc:25]
INFO: [Vivado 12-626] No clocks found. Please use 'create_clock' or 'create_generated_clock' command to create clocks. [/home/testpc/fpga_asist_dev/validation_test/si5351_ad9238_hdmi_project/fpga/constraints/pins.xdc:25]
WARNING: [Vivado 12-627] No clocks matched 'hdmi_encoder/U0/SerialClk'. [/home/testpc/fpga_asist_dev/validation_test/si5351_ad9238_hdmi_project/fpga/constraints/pins.xdc:26]
INFO: [Vivado 12-626] No clocks found. Please use 'create_clock' or 'create_generated_clock' command to create clocks. [/home/testpc/fpga_asist_dev/validation_test/si5351_ad9238_hdmi_project/fpga/constraints/pins.xdc:26]
WARNING: [Vivado 12-627] No clocks matched 'clk_out1_clk_wiz_0'. [/home/testpc/fpga_asist_dev/validation_test/si5351_ad9238_hdmi_project/fpga/constraints/pins.xdc:26]
INFO: [Vivado 12-626] No clocks found. Please use 'create_clock' or 'create_generated_clock' command to create clocks. [/home/testpc/fpga_asist_dev/validation_test/si5351_ad9238_hdmi_project/fpga/constraints/pins.xdc:26]
Finished Parsing XDC File [/home/testpc/fpga_asist_dev/validation_test/si5351_ad9238_hdmi_project/fpga/constraints/pins.xdc]
WARNING: [Project 1-498] One or more constraints failed evaluation while reading constraint file [/home/testpc/fpga_asist_dev/validation_test/si5351_ad9238_hdmi_project/fpga/constraints/pins.xdc] and the design contains unresolved black boxes. These constraints will be read post-synthesis (as long as their source constraint file is marked as used_in_implementation) and should be applied correctly then. You should review the constraints listed in the file [.Xil/si5351_ad9238_hdmi_top_test_propImpl.xdc] and check the run log file to verify that these constraints were correctly applied.
INFO: [Project 1-236] Implementation specific constraints were found while reading constraint file [/home/testpc/fpga_asist_dev/validation_test/si5351_ad9238_hdmi_project/fpga/constraints/pins.xdc]. These constraints will be ignored for synthesis but will be used in implementation. Impacted constraints are listed in the file [.Xil/si5351_ad9238_hdmi_top_test_propImpl.xdc].
Resolution: To avoid this warning, move constraints listed in [.Xil/si5351_ad9238_hdmi_top_test_propImpl.xdc] to another XDC file and exclude this new file from synthesis with the used_in_synthesis property (File Properties dialog in GUI) and re-run elaboration/synthesis.
Parsing XDC File [/home/testpc/fpga_asist_dev/validation_test/si5351_ad9238_hdmi_project/fpga/vivado_gui/oscilloscope_test.runs/synth_1/dont_touch.xdc]
Finished Parsing XDC File [/home/testpc/fpga_asist_dev/validation_test/si5351_ad9238_hdmi_project/fpga/vivado_gui/oscilloscope_test.runs/synth_1/dont_touch.xdc]
Completed Processing XDC Constraints

Netlist sorting complete. Time (s): cpu = 00:00:00 ; elapsed = 00:00:00 . Memory (MB): peak = 2467.328 ; gain = 0.000 ; free physical = 7440 ; free virtual = 16726
INFO: [Project 1-111] Unisim Transformation Summary:
No Unisim elements were transformed.

Constraint Validation Runtime : Time (s): cpu = 00:00:00 ; elapsed = 00:00:00 . Memory (MB): peak = 2467.363 ; gain = 0.000 ; free physical = 7440 ; free virtual = 16726
INFO: [Designutils 20-5440] No compile time benefit to using incremental synthesis; A full resynthesis will be run
INFO: [Designutils 20-4379] Flow is switching to default flow due to incremental criteria not met. If you would like to alter this behaviour and have the flow terminate instead, please set the following parameter config_implementation {autoIncr.Synth.RejectBehavior Terminate}
---------------------------------------------------------------------------------
Finished Constraint Validation : Time (s): cpu = 00:00:05 ; elapsed = 00:00:05 . Memory (MB): peak = 2467.363 ; gain = 664.297 ; free physical = 7458 ; free virtual = 16757
---------------------------------------------------------------------------------
---------------------------------------------------------------------------------
Start Loading Part and Timing Information
---------------------------------------------------------------------------------
Loading part: xc7z010clg400-1
---------------------------------------------------------------------------------
Finished Loading Part and Timing Information : Time (s): cpu = 00:00:05 ; elapsed = 00:00:05 . Memory (MB): peak = 2475.332 ; gain = 672.266 ; free physical = 7458 ; free virtual = 16757
---------------------------------------------------------------------------------
---------------------------------------------------------------------------------
Start Applying 'set_property' XDC Constraints
---------------------------------------------------------------------------------
---------------------------------------------------------------------------------
Finished applying 'set_property' XDC Constraints : Time (s): cpu = 00:00:05 ; elapsed = 00:00:06 . Memory (MB): peak = 2475.332 ; gain = 672.266 ; free physical = 7462 ; free virtual = 16761
---------------------------------------------------------------------------------
---------------------------------------------------------------------------------
Finished RTL Optimization Phase 2 : Time (s): cpu = 00:00:06 ; elapsed = 00:00:06 . Memory (MB): peak = 2475.332 ; gain = 672.266 ; free physical = 7462 ; free virtual = 16762
---------------------------------------------------------------------------------
---------------------------------------------------------------------------------
Start RTL Component Statistics 
---------------------------------------------------------------------------------
Detailed RTL Component Info : 
+---Adders : 
	   2 Input   32 Bit       Adders := 1     
	   2 Input   12 Bit       Adders := 2     
	   2 Input   11 Bit       Adders := 1     
	   2 Input   10 Bit       Adders := 1     
	   2 Input    9 Bit       Adders := 1     
+---Registers : 
	               24 Bit    Registers := 1     
	               12 Bit    Registers := 1     
	               11 Bit    Registers := 3     
	               10 Bit    Registers := 4     
	                9 Bit    Registers := 1     
	                1 Bit    Registers := 3     
+---RAMs : 
	              10K Bit	(1024 X 10 bit)          RAMs := 1     
+---Muxes : 
	   2 Input   32 Bit        Muxes := 1     
	   4 Input   23 Bit        Muxes := 1     
	   2 Input   12 Bit        Muxes := 1     
	   2 Input   11 Bit        Muxes := 2     
	   2 Input    1 Bit        Muxes := 1     
---------------------------------------------------------------------------------
Finished RTL Component Statistics 
---------------------------------------------------------------------------------
---------------------------------------------------------------------------------
Start Part Resource Summary
---------------------------------------------------------------------------------
Part Resources:
DSPs: 80 (col length:40)
BRAMs: 120 (col length: RAMB18 40 RAMB36 20)
---------------------------------------------------------------------------------
Finished Part Resource Summary
---------------------------------------------------------------------------------
---------------------------------------------------------------------------------
Start Cross Boundary and Area Optimization
---------------------------------------------------------------------------------
WARNING: [Synth 8-7080] Parallel synthesis criteria is not met
DSP Report: Generating DSP display_inst/sample_y0, operation Mode is: A*(B:0x2d0).
DSP Report: operator display_inst/sample_y0 is absorbed into DSP display_inst/sample_y0.
WARNING: [Synth 8-3917] design si5351_ad9238_hdmi_top_test has port hdmi_oen driven by constant 1
---------------------------------------------------------------------------------
Finished Cross Boundary and Area Optimization : Time (s): cpu = 00:00:06 ; elapsed = 00:00:07 . Memory (MB): peak = 2475.332 ; gain = 672.266 ; free physical = 7453 ; free virtual = 16758
---------------------------------------------------------------------------------
 Sort Area is  display_inst/sample_y0_0 : 0 0 : 160 160 : Used 1 time 0
---------------------------------------------------------------------------------
Start ROM, RAM, DSP, Shift Register and Retiming Reporting
---------------------------------------------------------------------------------

Block RAM: Preliminary Mapping Report (see note below)
+----------------------------+-------------------+------------------------+---+---+------------------------+---+---+------------------+--------+--------+
|Module Name                 | RTL Object        | PORT A (Depth x Width) | W | R | PORT B (Depth x Width) | W | R | Ports driving FF | RAMB18 | RAMB36 | 
+----------------------------+-------------------+------------------------+---+---+------------------------+---+---+------------------+--------+--------+
|si5351_ad9238_hdmi_top_test | sample_buffer_reg | 1 K x 10(NO_CHANGE)    | W |   | 1 K x 10(WRITE_FIRST)  |   | R | Port A and B     | 1      | 0      | 
+----------------------------+-------------------+------------------------+---+---+------------------------+---+---+------------------+--------+--------+

Note: The table above is a preliminary report that shows the Block RAMs at the current stage of the synthesis flow. Some Block RAMs may be reimplemented as non Block RAM primitives later in the synthesis flow. Multiple instantiated Block RAMs are reported only once. 

DSP: Preliminary Mapping Report (see note below. The ' indicates corresponding REG is set)
+-----------------+-------------+--------+--------+--------+--------+--------+------+------+------+------+-------+------+------+
|Module Name      | DSP Mapping | A Size | B Size | C Size | D Size | P Size | AREG | BREG | CREG | DREG | ADREG | MREG | PREG | 
+-----------------+-------------+--------+--------+--------+--------+--------+------+------+------+------+-------+------+------+
|waveform_display | A*(B:0x2d0) | 10     | 10     | -      | -      | 20     | 0    | 0    | -    | -    | -     | 0    | 0    | 
+-----------------+-------------+--------+--------+--------+--------+--------+------+------+------+------+-------+------+------+

Note: The table above is a preliminary report that shows the DSPs inferred at the current stage of the synthesis flow. Some DSP may be reimplemented as non DSP primitives later in the synthesis flow. Multiple instantiated DSPs are reported only once.
---------------------------------------------------------------------------------
Finished ROM, RAM, DSP, Shift Register and Retiming Reporting
---------------------------------------------------------------------------------
---------------------------------------------------------------------------------
Start Applying XDC Timing Constraints
---------------------------------------------------------------------------------
---------------------------------------------------------------------------------
Finished Applying XDC Timing Constraints : Time (s): cpu = 00:00:09 ; elapsed = 00:00:10 . Memory (MB): peak = 2550.332 ; gain = 747.266 ; free physical = 7342 ; free virtual = 16646
---------------------------------------------------------------------------------
---------------------------------------------------------------------------------
Start Timing Optimization
---------------------------------------------------------------------------------
---------------------------------------------------------------------------------
Finished Timing Optimization : Time (s): cpu = 00:00:10 ; elapsed = 00:00:10 . Memory (MB): peak = 2584.379 ; gain = 781.312 ; free physical = 7312 ; free virtual = 16616
---------------------------------------------------------------------------------
---------------------------------------------------------------------------------
Start ROM, RAM, DSP, Shift Register and Retiming Reporting
---------------------------------------------------------------------------------

Block RAM: Final Mapping Report
+----------------------------+-------------------+------------------------+---+---+------------------------+---+---+------------------+--------+--------+
|Module Name                 | RTL Object        | PORT A (Depth x Width) | W | R | PORT B (Depth x Width) | W | R | Ports driving FF | RAMB18 | RAMB36 | 
+----------------------------+-------------------+------------------------+---+---+------------------------+---+---+------------------+--------+--------+
|si5351_ad9238_hdmi_top_test | sample_buffer_reg | 1 K x 10(NO_CHANGE)    | W |   | 1 K x 10(WRITE_FIRST)  |   | R | Port A and B     | 1      | 0      | 
+----------------------------+-------------------+------------------------+---+---+------------------------+---+---+------------------+--------+--------+

---------------------------------------------------------------------------------
Finished ROM, RAM, DSP, Shift Register and Retiming Reporting
---------------------------------------------------------------------------------
---------------------------------------------------------------------------------
Start Technology Mapping
---------------------------------------------------------------------------------
---------------------------------------------------------------------------------
Finished Technology Mapping : Time (s): cpu = 00:00:10 ; elapsed = 00:00:10 . Memory (MB): peak = 2584.379 ; gain = 781.312 ; free physical = 7312 ; free virtual = 16616
---------------------------------------------------------------------------------
---------------------------------------------------------------------------------
Start IO Insertion
---------------------------------------------------------------------------------
---------------------------------------------------------------------------------
Start Flattening Before IO Insertion
---------------------------------------------------------------------------------
---------------------------------------------------------------------------------
Finished Flattening Before IO Insertion
---------------------------------------------------------------------------------
---------------------------------------------------------------------------------
Start Final Netlist Cleanup
---------------------------------------------------------------------------------
---------------------------------------------------------------------------------
Finished Final Netlist Cleanup
---------------------------------------------------------------------------------
---------------------------------------------------------------------------------
Finished IO Insertion : Time (s): cpu = 00:00:11 ; elapsed = 00:00:11 . Memory (MB): peak = 2740.191 ; gain = 937.125 ; free physical = 7177 ; free virtual = 16480
---------------------------------------------------------------------------------
---------------------------------------------------------------------------------
Start Renaming Generated Instances
---------------------------------------------------------------------------------
---------------------------------------------------------------------------------
Finished Renaming Generated Instances : Time (s): cpu = 00:00:11 ; elapsed = 00:00:11 . Memory (MB): peak = 2740.191 ; gain = 937.125 ; free physical = 7177 ; free virtual = 16480
---------------------------------------------------------------------------------
---------------------------------------------------------------------------------
Start Rebuilding User Hierarchy
---------------------------------------------------------------------------------
---------------------------------------------------------------------------------
Finished Rebuilding User Hierarchy : Time (s): cpu = 00:00:11 ; elapsed = 00:00:11 . Memory (MB): peak = 2740.191 ; gain = 937.125 ; free physical = 7177 ; free virtual = 16480
---------------------------------------------------------------------------------
---------------------------------------------------------------------------------
Start Renaming Generated Ports
---------------------------------------------------------------------------------
---------------------------------------------------------------------------------
Finished Renaming Generated Ports : Time (s): cpu = 00:00:11 ; elapsed = 00:00:11 . Memory (MB): peak = 2740.191 ; gain = 937.125 ; free physical = 7177 ; free virtual = 16480
---------------------------------------------------------------------------------
---------------------------------------------------------------------------------
Start Handling Custom Attributes
---------------------------------------------------------------------------------
---------------------------------------------------------------------------------
Finished Handling Custom Attributes : Time (s): cpu = 00:00:11 ; elapsed = 00:00:11 . Memory (MB): peak = 2743.160 ; gain = 940.094 ; free physical = 7177 ; free virtual = 16480
---------------------------------------------------------------------------------
---------------------------------------------------------------------------------
Start Renaming Generated Nets
---------------------------------------------------------------------------------
---------------------------------------------------------------------------------
Finished Renaming Generated Nets : Time (s): cpu = 00:00:11 ; elapsed = 00:00:11 . Memory (MB): peak = 2743.160 ; gain = 940.094 ; free physical = 7177 ; free virtual = 16480
---------------------------------------------------------------------------------
---------------------------------------------------------------------------------
Start Writing Synthesis Report
---------------------------------------------------------------------------------

DSP Final Report (the ' indicates corresponding REG is set)
+-----------------+-------------+--------+--------+--------+--------+--------+------+------+------+------+-------+------+------+
|Module Name      | DSP Mapping | A Size | B Size | C Size | D Size | P Size | AREG | BREG | CREG | DREG | ADREG | MREG | PREG | 
+-----------------+-------------+--------+--------+--------+--------+--------+------+------+------+------+-------+------+------+
|waveform_display | A*B         | 10     | 10     | -      | -      | 20     | 0    | 0    | -    | -    | -     | 0    | 0    | 
+-----------------+-------------+--------+--------+--------+--------+--------+------+------+------+------+-------+------+------+


Report BlackBoxes: 
+------+--------------+----------+
|      |BlackBox name |Instances |
+------+--------------+----------+
|1     |clk_wiz_0     |         1|
|2     |rgb2dvi_0     |         1|
+------+--------------+----------+

Report Cell Usage: 
+------+---------+------+
|      |Cell     |Count |
+------+---------+------+
|1     |clk_wiz  |     1|
|2     |rgb2dvi  |     1|
|3     |CARRY4   |    23|
|4     |DSP48E1  |     1|
|5     |LUT1     |    20|
|6     |LUT2     |    45|
|7     |LUT3     |    30|
|8     |LUT4     |    39|
|9     |LUT5     |    42|
|10    |LUT6     |    62|
|11    |RAMB18E1 |     1|
|12    |FDCE     |    50|
|13    |FDRE     |    31|
|14    |IBUF     |     1|
|15    |OBUF     |     2|
+------+---------+------+
---------------------------------------------------------------------------------
Finished Writing Synthesis Report : Time (s): cpu = 00:00:11 ; elapsed = 00:00:11 . Memory (MB): peak = 2743.160 ; gain = 940.094 ; free physical = 7177 ; free virtual = 16480
---------------------------------------------------------------------------------
Synthesis finished with 0 errors, 0 critical warnings and 2 warnings.
Synthesis Optimization Runtime : Time (s): cpu = 00:00:10 ; elapsed = 00:00:11 . Memory (MB): peak = 2743.160 ; gain = 814.320 ; free physical = 7177 ; free virtual = 16480
Synthesis Optimization Complete : Time (s): cpu = 00:00:11 ; elapsed = 00:00:11 . Memory (MB): peak = 2743.168 ; gain = 940.094 ; free physical = 7177 ; free virtual = 16480
INFO: [Project 1-571] Translating synthesized netlist
Netlist sorting complete. Time (s): cpu = 00:00:00 ; elapsed = 00:00:00 . Memory (MB): peak = 2743.168 ; gain = 0.000 ; free physical = 7179 ; free virtual = 16482
INFO: [Netlist 29-17] Analyzing 25 Unisim elements for replacement
INFO: [Netlist 29-28] Unisim Transformation completed in 0 CPU seconds
INFO: [Project 1-570] Preparing netlist for logic optimization
INFO: [Opt 31-138] Pushed 0 inverter(s) to 0 load pin(s).
Netlist sorting complete. Time (s): cpu = 00:00:00 ; elapsed = 00:00:00 . Memory (MB): peak = 2799.188 ; gain = 0.000 ; free physical = 7352 ; free virtual = 16655
INFO: [Project 1-111] Unisim Transformation Summary:
No Unisim elements were transformed.

Synth Design complete | Checksum: 7301a88c
INFO: [Common 17-83] Releasing license: Synthesis
38 Infos, 10 Warnings, 0 Critical Warnings and 0 Errors encountered.
synth_design completed successfully
synth_design: Time (s): cpu = 00:00:15 ; elapsed = 00:00:14 . Memory (MB): peak = 2799.223 ; gain = 1161.570 ; free physical = 7351 ; free virtual = 16654
INFO: [Common 17-2834] synth_design peak Physical Memory [PSS] (MB): overall = 1917.996; main = 1837.361; forked = 242.666
INFO: [Common 17-2834] synth_design peak Virtual Memory [VSS] (MB): overall = 3555.066; main = 2799.191; forked = 970.684
Write ShapeDB Complete: Time (s): cpu = 00:00:00 ; elapsed = 00:00:00 . Memory (MB): peak = 2823.199 ; gain = 0.000 ; free physical = 7351 ; free virtual = 16654
INFO: [Common 17-1381] The checkpoint '/home/testpc/fpga_asist_dev/validation_test/si5351_ad9238_hdmi_project/fpga/vivado_gui/oscilloscope_test.runs/synth_1/si5351_ad9238_hdmi_top_test.dcp' has been generated.
INFO: [Vivado 12-24828] Executing command : report_utilization -file si5351_ad9238_hdmi_top_test_utilization_synth.rpt -pb si5351_ad9238_hdmi_top_test_utilization_synth.pb
INFO: [Common 17-206] Exiting Vivado at Mon Feb 16 16:39:06 2026...
[Mon Feb 16 16:39:12 2026] synth_1 finished
wait_on_runs: Time (s): cpu = 00:00:23 ; elapsed = 00:00:24 . Memory (MB): peak = 1639.781 ; gain = 0.000 ; free physical = 9111 ; free virtual = 18396
# if {[get_property PROGRESS [get_runs synth_1]] != "100%"} {
#     puts "ERROR: Synthesis failed!"
#     exit 1
# }
# puts "\n✅ SYNTHESIS COMPLETE"

✅ SYNTHESIS COMPLETE
# reset_run impl_1
# launch_runs impl_1 -jobs 8
INFO: [Vivado 12-4149] The synthesis checkpoint for IP '/home/testpc/fpga_asist_dev/validation_test/si5351_ad9238_hdmi_project/fpga/vivado_gui/oscilloscope_test.srcs/sources_1/ip/clk_wiz_0/clk_wiz_0.xci' is already up-to-date
[Mon Feb 16 16:39:12 2026] Launched impl_1...
Run output will be captured here: /home/testpc/fpga_asist_dev/validation_test/si5351_ad9238_hdmi_project/fpga/vivado_gui/oscilloscope_test.runs/impl_1/runme.log
# wait_on_run impl_1
[Mon Feb 16 16:39:12 2026] Waiting for impl_1 to finish...

*** Running vivado
    with args -log si5351_ad9238_hdmi_top_test.vdi -applog -m64 -product Vivado -messageDb vivado.pb -mode batch -source si5351_ad9238_hdmi_top_test.tcl -notrace


****** Vivado v2025.1 (64-bit)
  **** SW Build 6140274 on Wed May 21 22:58:25 MDT 2025
  **** IP Build 6138677 on Thu May 22 03:10:11 MDT 2025
  **** SharedData Build 6139179 on Tue May 20 17:58:58 MDT 2025
  **** Start of session at: Mon Feb 16 16:39:13 2026
    ** Copyright 1986-2022 Xilinx, Inc. All Rights Reserved.
    ** Copyright 2022-2025 Advanced Micro Devices, Inc. All Rights Reserved.

source si5351_ad9238_hdmi_top_test.tcl -notrace
INFO: [IP_Flow 19-234] Refreshing IP repositories
INFO: [IP_Flow 19-1700] Loaded user IP repository '/home/testpc/fpga_asist_dev/validation_test/ax7010_fpga/18_ad9238_hdmi/auto_create_project/my_ip'.
INFO: [IP_Flow 19-2313] Loaded Vivado IP repository '/tools/Xilinx/2025.1/Vivado/data/ip'.
Command: link_design -top si5351_ad9238_hdmi_top_test -part xc7z010clg400-1
Design is defaulting to srcset: sources_1
Design is defaulting to constrset: constrs_1
INFO: [Device 21-403] Loading part xc7z010clg400-1
INFO: [Project 1-5699] Read binary netlist with skipMacroContent - 1
INFO: [Project 1-454] Reading design checkpoint '/home/testpc/fpga_asist_dev/validation_test/si5351_ad9238_hdmi_project/fpga/vivado_gui/oscilloscope_test.gen/sources_1/ip/rgb2dvi_0/rgb2dvi_0.dcp' for cell 'hdmi_encoder'
INFO: [Project 1-454] Reading design checkpoint '/home/testpc/fpga_asist_dev/validation_test/si5351_ad9238_hdmi_project/fpga/vivado_gui/oscilloscope_test.gen/sources_1/ip/clk_wiz_0/clk_wiz_0.dcp' for cell 'pll_inst'
Netlist sorting complete. Time (s): cpu = 00:00:00 ; elapsed = 00:00:00 . Memory (MB): peak = 1818.305 ; gain = 0.000 ; free physical = 8376 ; free virtual = 17662
INFO: [Netlist 29-17] Analyzing 30 Unisim elements for replacement
INFO: [Netlist 29-28] Unisim Transformation completed in 0 CPU seconds
INFO: [Project 1-479] Netlist was created with Vivado 2025.1
INFO: [Project 1-570] Preparing netlist for logic optimization
Parsing XDC File [/home/testpc/fpga_asist_dev/validation_test/si5351_ad9238_hdmi_project/fpga/vivado_gui/oscilloscope_test.gen/sources_1/ip/clk_wiz_0/clk_wiz_0_board.xdc] for cell 'pll_inst/inst'
Finished Parsing XDC File [/home/testpc/fpga_asist_dev/validation_test/si5351_ad9238_hdmi_project/fpga/vivado_gui/oscilloscope_test.gen/sources_1/ip/clk_wiz_0/clk_wiz_0_board.xdc] for cell 'pll_inst/inst'
Parsing XDC File [/home/testpc/fpga_asist_dev/validation_test/si5351_ad9238_hdmi_project/fpga/vivado_gui/oscilloscope_test.gen/sources_1/ip/clk_wiz_0/clk_wiz_0.xdc] for cell 'pll_inst/inst'
INFO: [Timing 38-35] Done setting XDC timing constraints. [/home/testpc/fpga_asist_dev/validation_test/si5351_ad9238_hdmi_project/fpga/vivado_gui/oscilloscope_test.gen/sources_1/ip/clk_wiz_0/clk_wiz_0.xdc:54]
INFO: [Timing 38-2] Deriving generated clocks [/home/testpc/fpga_asist_dev/validation_test/si5351_ad9238_hdmi_project/fpga/vivado_gui/oscilloscope_test.gen/sources_1/ip/clk_wiz_0/clk_wiz_0.xdc:54]
Finished Parsing XDC File [/home/testpc/fpga_asist_dev/validation_test/si5351_ad9238_hdmi_project/fpga/vivado_gui/oscilloscope_test.gen/sources_1/ip/clk_wiz_0/clk_wiz_0.xdc] for cell 'pll_inst/inst'
Parsing XDC File [/home/testpc/fpga_asist_dev/validation_test/si5351_ad9238_hdmi_project/fpga/vivado_gui/oscilloscope_test.gen/sources_1/ip/rgb2dvi_0/src/rgb2dvi.xdc] for cell 'hdmi_encoder/U0'
Finished Parsing XDC File [/home/testpc/fpga_asist_dev/validation_test/si5351_ad9238_hdmi_project/fpga/vivado_gui/oscilloscope_test.gen/sources_1/ip/rgb2dvi_0/src/rgb2dvi.xdc] for cell 'hdmi_encoder/U0'
Parsing XDC File [/home/testpc/fpga_asist_dev/validation_test/si5351_ad9238_hdmi_project/fpga/constraints/pins.xdc]
WARNING: [Vivado 12-627] No clocks matched 'hdmi_encoder/U0/SerialClk'. [/home/testpc/fpga_asist_dev/validation_test/si5351_ad9238_hdmi_project/fpga/constraints/pins.xdc:25]
INFO: [Vivado 12-626] No clocks found. Please use 'create_clock' or 'create_generated_clock' command to create clocks. [/home/testpc/fpga_asist_dev/validation_test/si5351_ad9238_hdmi_project/fpga/constraints/pins.xdc:25]
CRITICAL WARNING: [Vivado 12-4739] set_false_path:No valid object(s) found for '-to [get_clocks hdmi_encoder/U0/SerialClk]'. [/home/testpc/fpga_asist_dev/validation_test/si5351_ad9238_hdmi_project/fpga/constraints/pins.xdc:25]
Resolution: Check if the specified object(s) exists in the current design. If it does, ensure that the correct design hierarchy was specified for the object. If you are working with clocks, make sure create_clock was used to create the clock object before it is referenced.
WARNING: [Vivado 12-627] No clocks matched 'hdmi_encoder/U0/SerialClk'. [/home/testpc/fpga_asist_dev/validation_test/si5351_ad9238_hdmi_project/fpga/constraints/pins.xdc:26]
INFO: [Vivado 12-626] No clocks found. Please use 'create_clock' or 'create_generated_clock' command to create clocks. [/home/testpc/fpga_asist_dev/validation_test/si5351_ad9238_hdmi_project/fpga/constraints/pins.xdc:26]
CRITICAL WARNING: [Vivado 12-4739] set_false_path:No valid object(s) found for '-from [get_clocks hdmi_encoder/U0/SerialClk]'. [/home/testpc/fpga_asist_dev/validation_test/si5351_ad9238_hdmi_project/fpga/constraints/pins.xdc:26]
Resolution: Check if the specified object(s) exists in the current design. If it does, ensure that the correct design hierarchy was specified for the object. If you are working with clocks, make sure create_clock was used to create the clock object before it is referenced.
Finished Parsing XDC File [/home/testpc/fpga_asist_dev/validation_test/si5351_ad9238_hdmi_project/fpga/constraints/pins.xdc]
Parsing XDC File [/home/testpc/fpga_asist_dev/validation_test/si5351_ad9238_hdmi_project/fpga/vivado_gui/oscilloscope_test.gen/sources_1/ip/rgb2dvi_0/src/rgb2dvi_clocks.xdc] for cell 'hdmi_encoder/U0'
Finished Parsing XDC File [/home/testpc/fpga_asist_dev/validation_test/si5351_ad9238_hdmi_project/fpga/vivado_gui/oscilloscope_test.gen/sources_1/ip/rgb2dvi_0/src/rgb2dvi_clocks.xdc] for cell 'hdmi_encoder/U0'
INFO: [Opt 31-138] Pushed 0 inverter(s) to 0 load pin(s).
Netlist sorting complete. Time (s): cpu = 00:00:00 ; elapsed = 00:00:00 . Memory (MB): peak = 2442.801 ; gain = 0.000 ; free physical = 7841 ; free virtual = 17126
INFO: [Project 1-111] Unisim Transformation Summary:
No Unisim elements were transformed.

17 Infos, 2 Warnings, 2 Critical Warnings and 0 Errors encountered.
link_design completed successfully
Command: opt_design
Attempting to get a license for feature 'Implementation' and/or device 'xc7z010'
INFO: [Common 17-349] Got license for feature 'Implementation' and/or device 'xc7z010'
Running DRC as a precondition to command opt_design

Starting DRC Task
INFO: [DRC 23-27] Running DRC with 8 threads
INFO: [Project 1-461] DRC finished with 0 Errors
INFO: [Project 1-462] Please refer to the DRC report (report_drc) for more information.

Time (s): cpu = 00:00:02 ; elapsed = 00:00:00.52 . Memory (MB): peak = 2534.020 ; gain = 91.184 ; free physical = 7795 ; free virtual = 17081

Starting Cache Timing Information Task
INFO: [Timing 38-35] Done setting XDC timing constraints.
Ending Cache Timing Information Task | Checksum: 1c829e3e8

Time (s): cpu = 00:00:00.02 ; elapsed = 00:00:00.02 . Memory (MB): peak = 2534.020 ; gain = 0.000 ; free physical = 7794 ; free virtual = 17080

Starting Logic Optimization Task

Phase 1 Initialization

Phase 1.1 Core Generation And Design Setup
Phase 1.1 Core Generation And Design Setup | Checksum: 1c829e3e8

Time (s): cpu = 00:00:00 ; elapsed = 00:00:00 . Memory (MB): peak = 2835.918 ; gain = 0.000 ; free physical = 7478 ; free virtual = 16764

Phase 1.2 Setup Constraints And Sort Netlist
Phase 1.2 Setup Constraints And Sort Netlist | Checksum: 1c829e3e8

Time (s): cpu = 00:00:00.01 ; elapsed = 00:00:00 . Memory (MB): peak = 2835.918 ; gain = 0.000 ; free physical = 7478 ; free virtual = 16764
Phase 1 Initialization | Checksum: 1c829e3e8

Time (s): cpu = 00:00:00.01 ; elapsed = 00:00:00 . Memory (MB): peak = 2835.918 ; gain = 0.000 ; free physical = 7478 ; free virtual = 16764

Phase 2 Timer Update And Timing Data Collection

Phase 2.1 Timer Update
CRITICAL WARNING: [Timing 38-249] Generated clock hdmi_encoder/U0/SerialClk has no logical paths from master clock clk_out1_clk_wiz_0.
Resolution: Review the path between the master clock and the generated clock with the schematic viewer and correct the -source option. If it is correct and the master clock does not have a timing path to the generated clock, define the generated clock as a primary clock by using create_clock.
Phase 2.1 Timer Update | Checksum: 1c829e3e8

Time (s): cpu = 00:00:00.02 ; elapsed = 00:00:00.01 . Memory (MB): peak = 2835.918 ; gain = 0.000 ; free physical = 7478 ; free virtual = 16764

Phase 2.2 Timing Data Collection
Phase 2.2 Timing Data Collection | Checksum: 1c829e3e8

Time (s): cpu = 00:00:00.02 ; elapsed = 00:00:00.01 . Memory (MB): peak = 2835.918 ; gain = 0.000 ; free physical = 7478 ; free virtual = 16764
Phase 2 Timer Update And Timing Data Collection | Checksum: 1c829e3e8

Time (s): cpu = 00:00:00.02 ; elapsed = 00:00:00.01 . Memory (MB): peak = 2835.918 ; gain = 0.000 ; free physical = 7478 ; free virtual = 16764

Phase 3 Retarget
INFO: [Opt 31-1851] Number of loadless carry chains removed were: 0
INFO: [Opt 31-1834] Total Chains To Be Transformed Were: 0 AND Number of Transformed insts Created are: 0
INFO: [Opt 31-1566] Pulled 3 inverters resulting in an inversion of 26 pins
INFO: [Opt 31-138] Pushed 1 inverter(s) to 1 load pin(s).
INFO: [Opt 31-49] Retargeted 0 cell(s).
Phase 3 Retarget | Checksum: 276d2be08

Time (s): cpu = 00:00:00.05 ; elapsed = 00:00:00.02 . Memory (MB): peak = 2835.918 ; gain = 0.000 ; free physical = 7478 ; free virtual = 16764
Retarget | Checksum: 276d2be08
INFO: [Opt 31-389] Phase Retarget created 13 cells and removed 20 cells
INFO: [Opt 31-1021] In phase Retarget, 1 netlist objects are constrained preventing optimization. Please run opt_design with -debug_log to get more detail. 

Phase 4 Constant propagation
INFO: [Opt 31-138] Pushed 2 inverter(s) to 10 load pin(s).
Phase 4 Constant propagation | Checksum: 2676bdab7

Time (s): cpu = 00:00:00.08 ; elapsed = 00:00:00.03 . Memory (MB): peak = 2835.918 ; gain = 0.000 ; free physical = 7478 ; free virtual = 16764
Constant propagation | Checksum: 2676bdab7
INFO: [Opt 31-389] Phase Constant propagation created 41 cells and removed 133 cells

Phase 5 Sweep
INFO: [Constraints 18-11670] Building netlist checker database with flags, 0x8
Done building netlist checker database: Time (s): cpu = 00:00:00 ; elapsed = 00:00:00 . Memory (MB): peak = 2835.918 ; gain = 0.000 ; free physical = 7478 ; free virtual = 16764
INFO: [Constraints 18-11670] Building netlist checker database with flags, 0x8
Done building netlist checker database: Time (s): cpu = 00:00:00 ; elapsed = 00:00:00 . Memory (MB): peak = 2835.918 ; gain = 0.000 ; free physical = 7478 ; free virtual = 16764
Phase 5 Sweep | Checksum: 2296b4fbb

Time (s): cpu = 00:00:00.09 ; elapsed = 00:00:00.03 . Memory (MB): peak = 2835.918 ; gain = 0.000 ; free physical = 7478 ; free virtual = 16764
Sweep | Checksum: 2296b4fbb
INFO: [Opt 31-389] Phase Sweep created 0 cells and removed 6 cells

Phase 6 BUFG optimization
Phase 6 BUFG optimization | Checksum: 2296b4fbb

Time (s): cpu = 00:00:00.1 ; elapsed = 00:00:00.04 . Memory (MB): peak = 2867.934 ; gain = 32.016 ; free physical = 7478 ; free virtual = 16764
BUFG optimization | Checksum: 2296b4fbb
INFO: [Opt 31-662] Phase BUFG optimization created 0 cells of which 0 are BUFGs and removed 0 cells.

Phase 7 Shift Register Optimization
INFO: [Opt 31-1064] SRL Remap converted 0 SRLs to 0 registers and converted 0 registers of register chains to 0 SRLs
Phase 7 Shift Register Optimization | Checksum: 2296b4fbb

Time (s): cpu = 00:00:00.1 ; elapsed = 00:00:00.04 . Memory (MB): peak = 2867.934 ; gain = 32.016 ; free physical = 7478 ; free virtual = 16764
Shift Register Optimization | Checksum: 2296b4fbb
INFO: [Opt 31-389] Phase Shift Register Optimization created 0 cells and removed 0 cells

Phase 8 Post Processing Netlist
Phase 8 Post Processing Netlist | Checksum: 2296b4fbb

Time (s): cpu = 00:00:00.1 ; elapsed = 00:00:00.04 . Memory (MB): peak = 2867.934 ; gain = 32.016 ; free physical = 7478 ; free virtual = 16764
Post Processing Netlist | Checksum: 2296b4fbb
INFO: [Opt 31-389] Phase Post Processing Netlist created 0 cells and removed 0 cells

Phase 9 Finalization

Phase 9.1 Finalizing Design Cores and Updating Shapes
Phase 9.1 Finalizing Design Cores and Updating Shapes | Checksum: 276b6d4d9

Time (s): cpu = 00:00:00.12 ; elapsed = 00:00:00.05 . Memory (MB): peak = 2867.934 ; gain = 32.016 ; free physical = 7478 ; free virtual = 16764

Phase 9.2 Verifying Netlist Connectivity

Starting Connectivity Check Task

Time (s): cpu = 00:00:00.01 ; elapsed = 00:00:00 . Memory (MB): peak = 2867.934 ; gain = 0.000 ; free physical = 7478 ; free virtual = 16764
Phase 9.2 Verifying Netlist Connectivity | Checksum: 276b6d4d9

Time (s): cpu = 00:00:00.13 ; elapsed = 00:00:00.05 . Memory (MB): peak = 2867.934 ; gain = 32.016 ; free physical = 7478 ; free virtual = 16764
Phase 9 Finalization | Checksum: 276b6d4d9

Time (s): cpu = 00:00:00.14 ; elapsed = 00:00:00.05 . Memory (MB): peak = 2867.934 ; gain = 32.016 ; free physical = 7478 ; free virtual = 16764
Opt_design Change Summary
=========================


-------------------------------------------------------------------------------------------------------------------------
|  Phase                        |  #Cells created  |  #Cells Removed  |  #Constrained objects preventing optimizations  |
-------------------------------------------------------------------------------------------------------------------------
|  Retarget                     |              13  |              20  |                                              1  |
|  Constant propagation         |              41  |             133  |                                              0  |
|  Sweep                        |               0  |               6  |                                              0  |
|  BUFG optimization            |               0  |               0  |                                              0  |
|  Shift Register Optimization  |               0  |               0  |                                              0  |
|  Post Processing Netlist      |               0  |               0  |                                              0  |
-------------------------------------------------------------------------------------------------------------------------


Ending Logic Optimization Task | Checksum: 276b6d4d9

Time (s): cpu = 00:00:00.14 ; elapsed = 00:00:00.05 . Memory (MB): peak = 2867.934 ; gain = 32.016 ; free physical = 7478 ; free virtual = 16764

Starting Power Optimization Task
INFO: [Pwropt 34-132] Skipping clock gating for clocks with a period < 2.00 ns.
INFO: [Pwropt 34-9] Applying IDT optimizations ...
INFO: [Pwropt 34-10] Applying ODC optimizations ...
INFO: [Timing 38-35] Done setting XDC timing constraints.
CRITICAL WARNING: [Timing 38-249] Generated clock hdmi_encoder/U0/SerialClk has no logical paths from master clock clk_out1_clk_wiz_0.
Resolution: Review the path between the master clock and the generated clock with the schematic viewer and correct the -source option. If it is correct and the master clock does not have a timing path to the generated clock, define the generated clock as a primary clock by using create_clock.
Running Vector-less Activity Propagation...

Finished Running Vector-less Activity Propagation


Starting PowerOpt Patch Enables Task
INFO: [Pwropt 34-162] WRITE_MODE attribute of 0 BRAM(s) out of a total of 1 has been updated to save power. Run report_power_opt to get a complete listing of the BRAMs updated.
INFO: [Pwropt 34-201] Structural ODC has moved 0 WE to EN ports
Number of BRAM Ports augmented: 0 newly gated: 0 Total Ports: 2
Ending PowerOpt Patch Enables Task | Checksum: 276b6d4d9

Time (s): cpu = 00:00:00.01 ; elapsed = 00:00:00.01 . Memory (MB): peak = 3144.926 ; gain = 0.000 ; free physical = 7360 ; free virtual = 16645
Ending Power Optimization Task | Checksum: 276b6d4d9

Time (s): cpu = 00:00:00.43 ; elapsed = 00:00:00.13 . Memory (MB): peak = 3144.926 ; gain = 276.992 ; free physical = 7360 ; free virtual = 16645

Starting Final Cleanup Task
Ending Final Cleanup Task | Checksum: 276b6d4d9

Time (s): cpu = 00:00:00 ; elapsed = 00:00:00 . Memory (MB): peak = 3144.926 ; gain = 0.000 ; free physical = 7360 ; free virtual = 16645

Starting Netlist Obfuscation Task
Netlist sorting complete. Time (s): cpu = 00:00:00 ; elapsed = 00:00:00 . Memory (MB): peak = 3144.926 ; gain = 0.000 ; free physical = 7360 ; free virtual = 16645
Ending Netlist Obfuscation Task | Checksum: 276b6d4d9

Time (s): cpu = 00:00:00 ; elapsed = 00:00:00 . Memory (MB): peak = 3144.926 ; gain = 0.000 ; free physical = 7360 ; free virtual = 16645
INFO: [Common 17-83] Releasing license: Implementation
45 Infos, 2 Warnings, 4 Critical Warnings and 0 Errors encountered.
opt_design completed successfully
INFO: [Vivado 12-24828] Executing command : report_drc -file si5351_ad9238_hdmi_top_test_drc_opted.rpt -pb si5351_ad9238_hdmi_top_test_drc_opted.pb -rpx si5351_ad9238_hdmi_top_test_drc_opted.rpx
Command: report_drc -file si5351_ad9238_hdmi_top_test_drc_opted.rpt -pb si5351_ad9238_hdmi_top_test_drc_opted.pb -rpx si5351_ad9238_hdmi_top_test_drc_opted.rpx
INFO: [IP_Flow 19-1839] IP Catalog is up to date.
INFO: [DRC 23-27] Running DRC with 8 threads
INFO: [Vivado_Tcl 2-168] The results of DRC are in file /home/testpc/fpga_asist_dev/validation_test/si5351_ad9238_hdmi_project/fpga/vivado_gui/oscilloscope_test.runs/impl_1/si5351_ad9238_hdmi_top_test_drc_opted.rpt.
report_drc completed successfully
INFO: [Timing 38-35] Done setting XDC timing constraints.
INFO: [Timing 38-480] Writing timing data to binary archive.
Write ShapeDB Complete: Time (s): cpu = 00:00:00 ; elapsed = 00:00:00 . Memory (MB): peak = 3144.926 ; gain = 0.000 ; free physical = 7328 ; free virtual = 16613
Wrote PlaceDB: Time (s): cpu = 00:00:00 ; elapsed = 00:00:00 . Memory (MB): peak = 3144.926 ; gain = 0.000 ; free physical = 7328 ; free virtual = 16613
Wrote PulsedLatchDB: Time (s): cpu = 00:00:00 ; elapsed = 00:00:00 . Memory (MB): peak = 3144.926 ; gain = 0.000 ; free physical = 7328 ; free virtual = 16613
Writing XDEF routing.
Writing XDEF routing logical nets.
Writing XDEF routing special nets.
Wrote RouteStorage: Time (s): cpu = 00:00:00.04 ; elapsed = 00:00:00.01 . Memory (MB): peak = 3144.926 ; gain = 0.000 ; free physical = 7328 ; free virtual = 16613
Wrote Netlist Cache: Time (s): cpu = 00:00:00 ; elapsed = 00:00:00 . Memory (MB): peak = 3144.926 ; gain = 0.000 ; free physical = 7328 ; free virtual = 16613
Wrote Device Cache: Time (s): cpu = 00:00:00 ; elapsed = 00:00:00 . Memory (MB): peak = 3144.926 ; gain = 0.000 ; free physical = 7327 ; free virtual = 16613
Write Physdb Complete: Time (s): cpu = 00:00:00.05 ; elapsed = 00:00:00.01 . Memory (MB): peak = 3144.926 ; gain = 0.000 ; free physical = 7327 ; free virtual = 16613
INFO: [Common 17-1381] The checkpoint '/home/testpc/fpga_asist_dev/validation_test/si5351_ad9238_hdmi_project/fpga/vivado_gui/oscilloscope_test.runs/impl_1/si5351_ad9238_hdmi_top_test_opt.dcp' has been generated.
Command: place_design
Attempting to get a license for feature 'Implementation' and/or device 'xc7z010'
INFO: [Common 17-349] Got license for feature 'Implementation' and/or device 'xc7z010'
INFO: [Common 17-83] Releasing license: Implementation
INFO: [DRC 23-27] Running DRC with 8 threads
INFO: [Vivado_Tcl 4-198] DRC finished with 0 Errors
INFO: [Vivado_Tcl 4-199] Please refer to the DRC report (report_drc) for more information.
Running DRC as a precondition to command place_design
INFO: [DRC 23-27] Running DRC with 8 threads
INFO: [Vivado_Tcl 4-198] DRC finished with 0 Errors
INFO: [Vivado_Tcl 4-199] Please refer to the DRC report (report_drc) for more information.
INFO: [Place 30-611] Multithreading enabled for place_design using a maximum of 8 CPUs

Starting Placer Task

Phase 1 Placer Initialization

Phase 1.1 Placer Initialization Netlist Sorting
Netlist sorting complete. Time (s): cpu = 00:00:00 ; elapsed = 00:00:00.01 . Memory (MB): peak = 3144.926 ; gain = 0.000 ; free physical = 7316 ; free virtual = 16602
Phase 1.1 Placer Initialization Netlist Sorting | Checksum: 21fbccb66

Time (s): cpu = 00:00:00 ; elapsed = 00:00:00.01 . Memory (MB): peak = 3144.926 ; gain = 0.000 ; free physical = 7316 ; free virtual = 16602
Netlist sorting complete. Time (s): cpu = 00:00:00 ; elapsed = 00:00:00 . Memory (MB): peak = 3144.926 ; gain = 0.000 ; free physical = 7316 ; free virtual = 16602

Phase 1.2 IO Placement/ Clock Placement/ Build Placer Device
Phase 1.2 IO Placement/ Clock Placement/ Build Placer Device | Checksum: 1d0be045f

Time (s): cpu = 00:00:00.13 ; elapsed = 00:00:00.04 . Memory (MB): peak = 3144.926 ; gain = 0.000 ; free physical = 7324 ; free virtual = 16610

Phase 1.3 Build Placer Netlist Model
CRITICAL WARNING: [Timing 38-249] Generated clock hdmi_encoder/U0/SerialClk has no logical paths from master clock clk_out1_clk_wiz_0.
Resolution: Review the path between the master clock and the generated clock with the schematic viewer and correct the -source option. If it is correct and the master clock does not have a timing path to the generated clock, define the generated clock as a primary clock by using create_clock.
Phase 1.3 Build Placer Netlist Model | Checksum: 2852dca3d

Time (s): cpu = 00:00:00.33 ; elapsed = 00:00:00.09 . Memory (MB): peak = 3144.926 ; gain = 0.000 ; free physical = 7324 ; free virtual = 16609

Phase 1.4 Constrain Clocks/Macros
Phase 1.4 Constrain Clocks/Macros | Checksum: 2852dca3d

Time (s): cpu = 00:00:00.33 ; elapsed = 00:00:00.09 . Memory (MB): peak = 3144.926 ; gain = 0.000 ; free physical = 7324 ; free virtual = 16609
Phase 1 Placer Initialization | Checksum: 2852dca3d

Time (s): cpu = 00:00:00.33 ; elapsed = 00:00:00.09 . Memory (MB): peak = 3144.926 ; gain = 0.000 ; free physical = 7324 ; free virtual = 16609

Phase 2 Global Placement

Phase 2.1 Floorplanning
Phase 2.1 Floorplanning | Checksum: 203555f15

Time (s): cpu = 00:00:00.45 ; elapsed = 00:00:00.12 . Memory (MB): peak = 3144.926 ; gain = 0.000 ; free physical = 7306 ; free virtual = 16591

Phase 2.2 Update Timing before SLR Path Opt
Phase 2.2 Update Timing before SLR Path Opt | Checksum: 1f4873775

Time (s): cpu = 00:00:00.5 ; elapsed = 00:00:00.13 . Memory (MB): peak = 3144.926 ; gain = 0.000 ; free physical = 7340 ; free virtual = 16626

Phase 2.3 Post-Processing in Floorplanning
Phase 2.3 Post-Processing in Floorplanning | Checksum: 1f4873775

Time (s): cpu = 00:00:00.51 ; elapsed = 00:00:00.13 . Memory (MB): peak = 3144.926 ; gain = 0.000 ; free physical = 7340 ; free virtual = 16626

Phase 2.4 Global Place Phase1
Phase 2.4 Global Place Phase1 | Checksum: 1b2216cc2

Time (s): cpu = 00:00:02 ; elapsed = 00:00:00.45 . Memory (MB): peak = 3144.926 ; gain = 0.000 ; free physical = 7359 ; free virtual = 16645

Phase 2.5 Global Place Phase2

Phase 2.5.1 UpdateTiming Before Physical Synthesis
Phase 2.5.1 UpdateTiming Before Physical Synthesis | Checksum: 1b2216cc2

Time (s): cpu = 00:00:02 ; elapsed = 00:00:00.46 . Memory (MB): peak = 3144.926 ; gain = 0.000 ; free physical = 7360 ; free virtual = 16646

Phase 2.5.2 Physical Synthesis In Placer
INFO: [Physopt 32-1035] Found 0 LUTNM shape to break, 25 LUT instances to create LUTNM shape
INFO: [Physopt 32-1044] Break lutnm for timing: one critical 0, two critical 0, total 0, new lutff created 0
INFO: [Physopt 32-1138] End 1 Pass. Optimized 11 nets or LUTs. Breaked 0 LUT, combined 11 existing LUTs and moved 0 existing LUT
INFO: [Physopt 32-65] No nets found for high-fanout optimization.
INFO: [Physopt 32-232] Optimized 0 net. Created 0 new instance.
INFO: [Physopt 32-775] End 1 Pass. Optimized 0 net or cell. Created 0 new cell, deleted 0 existing cell and moved 0 existing cell
INFO: [Physopt 32-670] No setup violation found.  DSP Register Optimization was not performed.
INFO: [Physopt 32-670] No setup violation found.  Shift Register to Pipeline Optimization was not performed.
INFO: [Physopt 32-670] No setup violation found.  Shift Register Optimization was not performed.
INFO: [Physopt 32-670] No setup violation found.  BRAM Register Optimization was not performed.
INFO: [Physopt 32-670] No setup violation found.  URAM Register Optimization was not performed.
INFO: [Physopt 32-949] No candidate nets found for dynamic/static region interface net replication
INFO: [Physopt 32-775] End 1 Pass. Optimized 0 net or cell. Created 0 new cell, deleted 0 existing cell and moved 0 existing cell
Netlist sorting complete. Time (s): cpu = 00:00:00 ; elapsed = 00:00:00 . Memory (MB): peak = 3144.926 ; gain = 0.000 ; free physical = 7369 ; free virtual = 16655

Summary of Physical Synthesis Optimizations
============================================


-----------------------------------------------------------------------------------------------------------------------------------------------------------
|  Optimization                                     |  Added Cells  |  Removed Cells  |  Optimized Cells/Nets  |  Dont Touch  |  Iterations  |  Elapsed   |
-----------------------------------------------------------------------------------------------------------------------------------------------------------
|  LUT Combining                                    |            0  |             11  |                    11  |           0  |           1  |  00:00:00  |
|  Retime                                           |            0  |              0  |                     0  |           0  |           1  |  00:00:00  |
|  Very High Fanout                                 |            0  |              0  |                     0  |           0  |           1  |  00:00:00  |
|  DSP Register                                     |            0  |              0  |                     0  |           0  |           0  |  00:00:00  |
|  Shift Register to Pipeline                       |            0  |              0  |                     0  |           0  |           0  |  00:00:00  |
|  Shift Register                                   |            0  |              0  |                     0  |           0  |           0  |  00:00:00  |
|  BRAM Register                                    |            0  |              0  |                     0  |           0  |           0  |  00:00:00  |
|  URAM Register                                    |            0  |              0  |                     0  |           0  |           0  |  00:00:00  |
|  Dynamic/Static Region Interface Net Replication  |            0  |              0  |                     0  |           0  |           1  |  00:00:00  |
|  Total                                            |            0  |             11  |                    11  |           0  |           4  |  00:00:00  |
-----------------------------------------------------------------------------------------------------------------------------------------------------------


Phase 2.5.2 Physical Synthesis In Placer | Checksum: 1442904f5

Time (s): cpu = 00:00:02 ; elapsed = 00:00:00.62 . Memory (MB): peak = 3144.926 ; gain = 0.000 ; free physical = 7369 ; free virtual = 16655
Phase 2.5 Global Place Phase2 | Checksum: 14b19361f

Time (s): cpu = 00:00:02 ; elapsed = 00:00:00.64 . Memory (MB): peak = 3144.926 ; gain = 0.000 ; free physical = 7371 ; free virtual = 16657
Phase 2 Global Placement | Checksum: 14b19361f

Time (s): cpu = 00:00:02 ; elapsed = 00:00:00.64 . Memory (MB): peak = 3144.926 ; gain = 0.000 ; free physical = 7371 ; free virtual = 16657

Phase 3 Detail Placement

Phase 3.1 Commit Multi Column Macros
Phase 3.1 Commit Multi Column Macros | Checksum: 10a205a47

Time (s): cpu = 00:00:02 ; elapsed = 00:00:00.66 . Memory (MB): peak = 3144.926 ; gain = 0.000 ; free physical = 7371 ; free virtual = 16657

Phase 3.2 Commit Most Macros & LUTRAMs
Phase 3.2 Commit Most Macros & LUTRAMs | Checksum: 230315ee9

Time (s): cpu = 00:00:02 ; elapsed = 00:00:00.69 . Memory (MB): peak = 3144.926 ; gain = 0.000 ; free physical = 7371 ; free virtual = 16657

Phase 3.3 Area Swap Optimization
Phase 3.3 Area Swap Optimization | Checksum: 1aa312b58

Time (s): cpu = 00:00:02 ; elapsed = 00:00:00.69 . Memory (MB): peak = 3144.926 ; gain = 0.000 ; free physical = 7371 ; free virtual = 16657

Phase 3.4 Pipeline Register Optimization
Phase 3.4 Pipeline Register Optimization | Checksum: 20f73c6d8

Time (s): cpu = 00:00:02 ; elapsed = 00:00:00.69 . Memory (MB): peak = 3144.926 ; gain = 0.000 ; free physical = 7371 ; free virtual = 16657

Phase 3.5 Small Shape Detail Placement
Phase 3.5 Small Shape Detail Placement | Checksum: 1fedbf9a3

Time (s): cpu = 00:00:03 ; elapsed = 00:00:00.75 . Memory (MB): peak = 3144.926 ; gain = 0.000 ; free physical = 7368 ; free virtual = 16654

Phase 3.6 Re-assign LUT pins
Phase 3.6 Re-assign LUT pins | Checksum: 27929b412

Time (s): cpu = 00:00:03 ; elapsed = 00:00:00.76 . Memory (MB): peak = 3144.926 ; gain = 0.000 ; free physical = 7368 ; free virtual = 16654

Phase 3.7 Pipeline Register Optimization
Phase 3.7 Pipeline Register Optimization | Checksum: 2125d1a92

Time (s): cpu = 00:00:03 ; elapsed = 00:00:00.77 . Memory (MB): peak = 3144.926 ; gain = 0.000 ; free physical = 7368 ; free virtual = 16654
Phase 3 Detail Placement | Checksum: 2125d1a92

Time (s): cpu = 00:00:03 ; elapsed = 00:00:00.77 . Memory (MB): peak = 3144.926 ; gain = 0.000 ; free physical = 7368 ; free virtual = 16654

Phase 4 Post Placement Optimization and Clean-Up

Phase 4.1 Post Commit Optimization
INFO: [Timing 38-35] Done setting XDC timing constraints.
CRITICAL WARNING: [Timing 38-249] Generated clock hdmi_encoder/U0/SerialClk has no logical paths from master clock clk_out1_clk_wiz_0.
Resolution: Review the path between the master clock and the generated clock with the schematic viewer and correct the -source option. If it is correct and the master clock does not have a timing path to the generated clock, define the generated clock as a primary clock by using create_clock.

Phase 4.1.1 Post Placement Optimization
Post Placement Optimization Initialization | Checksum: 218bd0f2d

Phase 4.1.1.1 BUFG Insertion

Starting Physical Synthesis Task

Phase 1 Physical Synthesis Initialization
INFO: [Physopt 32-721] Multithreading enabled for phys_opt_design using a maximum of 8 CPUs
INFO: [Physopt 32-619] Estimated Timing Summary | WNS=0.231 | TNS=0.000 |
Phase 1 Physical Synthesis Initialization | Checksum: 119c74b2f

Time (s): cpu = 00:00:00.05 ; elapsed = 00:00:00 . Memory (MB): peak = 3144.926 ; gain = 0.000 ; free physical = 7368 ; free virtual = 16654
INFO: [Place 46-56] BUFG insertion identified 0 candidate nets. Inserted BUFG: 0, Replicated BUFG Driver: 0, Skipped due to Placement/Routing Conflicts: 0, Skipped due to Timing Degradation: 0, Skipped due to netlist editing failed: 0.
CRITICAL WARNING: [Timing 38-249] Generated clock hdmi_encoder/U0/SerialClk has no logical paths from master clock clk_out1_clk_wiz_0.
Resolution: Review the path between the master clock and the generated clock with the schematic viewer and correct the -source option. If it is correct and the master clock does not have a timing path to the generated clock, define the generated clock as a primary clock by using create_clock.
Ending Physical Synthesis Task | Checksum: 21801bbb9

Time (s): cpu = 00:00:00.07 ; elapsed = 00:00:00.01 . Memory (MB): peak = 3144.926 ; gain = 0.000 ; free physical = 7368 ; free virtual = 16654
Phase 4.1.1.1 BUFG Insertion | Checksum: 218bd0f2d

Time (s): cpu = 00:00:03 ; elapsed = 00:00:00.82 . Memory (MB): peak = 3144.926 ; gain = 0.000 ; free physical = 7368 ; free virtual = 16654

Phase 4.1.1.2 Post Placement Timing Optimization
INFO: [Place 30-746] Post Placement Timing Summary WNS=1.009. For the most accurate timing information please run report_timing.
Phase 4.1.1.2 Post Placement Timing Optimization | Checksum: 1c79248f0

Time (s): cpu = 00:00:03 ; elapsed = 00:00:00.95 . Memory (MB): peak = 3144.926 ; gain = 0.000 ; free physical = 7368 ; free virtual = 16654

Time (s): cpu = 00:00:03 ; elapsed = 00:00:00.95 . Memory (MB): peak = 3144.926 ; gain = 0.000 ; free physical = 7368 ; free virtual = 16654
Phase 4.1 Post Commit Optimization | Checksum: 1c79248f0

Time (s): cpu = 00:00:03 ; elapsed = 00:00:00.95 . Memory (MB): peak = 3144.926 ; gain = 0.000 ; free physical = 7368 ; free virtual = 16654

Phase 4.2 Post Placement Cleanup
Phase 4.2 Post Placement Cleanup | Checksum: 1c79248f0

Time (s): cpu = 00:00:03 ; elapsed = 00:00:00.95 . Memory (MB): peak = 3144.926 ; gain = 0.000 ; free physical = 7368 ; free virtual = 16654

Phase 4.3 Placer Reporting

Phase 4.3.1 Print Estimated Congestion
INFO: [Place 30-612] Post-Placement Estimated Congestion 
 ____________________________________________________
|           | Global Congestion | Short Congestion  |
| Direction | Region Size       | Region Size       |
|___________|___________________|___________________|
|      North|                1x1|                1x1|
|___________|___________________|___________________|
|      South|                1x1|                1x1|
|___________|___________________|___________________|
|       East|                1x1|                1x1|
|___________|___________________|___________________|
|       West|                1x1|                1x1|
|___________|___________________|___________________|

Phase 4.3.1 Print Estimated Congestion | Checksum: 1c79248f0

Time (s): cpu = 00:00:03 ; elapsed = 00:00:00.95 . Memory (MB): peak = 3144.926 ; gain = 0.000 ; free physical = 7368 ; free virtual = 16654
Phase 4.3 Placer Reporting | Checksum: 1c79248f0

Time (s): cpu = 00:00:03 ; elapsed = 00:00:00.95 . Memory (MB): peak = 3144.926 ; gain = 0.000 ; free physical = 7368 ; free virtual = 16654

Phase 4.4 Final Placement Cleanup
Netlist sorting complete. Time (s): cpu = 00:00:00 ; elapsed = 00:00:00 . Memory (MB): peak = 3144.926 ; gain = 0.000 ; free physical = 7368 ; free virtual = 16654

Time (s): cpu = 00:00:03 ; elapsed = 00:00:00.96 . Memory (MB): peak = 3144.926 ; gain = 0.000 ; free physical = 7368 ; free virtual = 16654
Phase 4 Post Placement Optimization and Clean-Up | Checksum: 1fb91e2b3

Time (s): cpu = 00:00:03 ; elapsed = 00:00:00.96 . Memory (MB): peak = 3144.926 ; gain = 0.000 ; free physical = 7368 ; free virtual = 16654
Ending Placer Task | Checksum: 16cdad20d

Time (s): cpu = 00:00:03 ; elapsed = 00:00:00.96 . Memory (MB): peak = 3144.926 ; gain = 0.000 ; free physical = 7368 ; free virtual = 16654
80 Infos, 2 Warnings, 7 Critical Warnings and 0 Errors encountered.
place_design completed successfully
INFO: [Vivado 12-24838] Running report commands "report_control_sets, report_io, report_utilization" in parallel.
Running report generation with 3 threads.
INFO: [Vivado 12-24828] Executing command : report_control_sets -verbose -file si5351_ad9238_hdmi_top_test_control_sets_placed.rpt
report_control_sets: Time (s): cpu = 00:00:00.06 ; elapsed = 00:00:00.07 . Memory (MB): peak = 3144.926 ; gain = 0.000 ; free physical = 7318 ; free virtual = 16604
INFO: [Vivado 12-24828] Executing command : report_utilization -file si5351_ad9238_hdmi_top_test_utilization_placed.rpt -pb si5351_ad9238_hdmi_top_test_utilization_placed.pb
INFO: [Vivado 12-24828] Executing command : report_io -file si5351_ad9238_hdmi_top_test_io_placed.rpt
report_io: Time (s): cpu = 00:00:00.15 ; elapsed = 00:00:00.13 . Memory (MB): peak = 3144.926 ; gain = 0.000 ; free physical = 7295 ; free virtual = 16581
INFO: [Timing 38-480] Writing timing data to binary archive.
Write ShapeDB Complete: Time (s): cpu = 00:00:00.01 ; elapsed = 00:00:00 . Memory (MB): peak = 3144.926 ; gain = 0.000 ; free physical = 7295 ; free virtual = 16581
Wrote PlaceDB: Time (s): cpu = 00:00:00.06 ; elapsed = 00:00:00.01 . Memory (MB): peak = 3144.926 ; gain = 0.000 ; free physical = 7294 ; free virtual = 16581
Wrote PulsedLatchDB: Time (s): cpu = 00:00:00 ; elapsed = 00:00:00 . Memory (MB): peak = 3144.926 ; gain = 0.000 ; free physical = 7294 ; free virtual = 16581
Writing XDEF routing.
Writing XDEF routing logical nets.
Writing XDEF routing special nets.
Wrote RouteStorage: Time (s): cpu = 00:00:00.01 ; elapsed = 00:00:00 . Memory (MB): peak = 3144.926 ; gain = 0.000 ; free physical = 7294 ; free virtual = 16581
Wrote Netlist Cache: Time (s): cpu = 00:00:00.01 ; elapsed = 00:00:00 . Memory (MB): peak = 3144.926 ; gain = 0.000 ; free physical = 7294 ; free virtual = 16581
Wrote Device Cache: Time (s): cpu = 00:00:00 ; elapsed = 00:00:00.01 . Memory (MB): peak = 3144.926 ; gain = 0.000 ; free physical = 7293 ; free virtual = 16580
Write Physdb Complete: Time (s): cpu = 00:00:00.08 ; elapsed = 00:00:00.03 . Memory (MB): peak = 3144.926 ; gain = 0.000 ; free physical = 7293 ; free virtual = 16580
INFO: [Common 17-1381] The checkpoint '/home/testpc/fpga_asist_dev/validation_test/si5351_ad9238_hdmi_project/fpga/vivado_gui/oscilloscope_test.runs/impl_1/si5351_ad9238_hdmi_top_test_placed.dcp' has been generated.
Command: phys_opt_design
Attempting to get a license for feature 'Implementation' and/or device 'xc7z010'
INFO: [Common 17-349] Got license for feature 'Implementation' and/or device 'xc7z010'

Starting Initial Update Timing Task
CRITICAL WARNING: [Timing 38-249] Generated clock hdmi_encoder/U0/SerialClk has no logical paths from master clock clk_out1_clk_wiz_0.
Resolution: Review the path between the master clock and the generated clock with the schematic viewer and correct the -source option. If it is correct and the master clock does not have a timing path to the generated clock, define the generated clock as a primary clock by using create_clock.

Time (s): cpu = 00:00:00.06 ; elapsed = 00:00:00.03 . Memory (MB): peak = 3144.926 ; gain = 0.000 ; free physical = 7290 ; free virtual = 16577
INFO: [Vivado_Tcl 4-2279] Estimated Timing Summary | WNS= 1.009 | TNS= 0.000 | 
INFO: [Vivado_Tcl 4-383] Design worst setup slack (WNS) is greater than or equal to 0.000 ns. All physical synthesis setup optimizations will be skipped.
INFO: [Vivado_Tcl 4-232] No setup violation found. The netlist was not modified.
INFO: [Common 17-83] Releasing license: Implementation
91 Infos, 2 Warnings, 8 Critical Warnings and 0 Errors encountered.
phys_opt_design completed successfully
INFO: [Timing 38-480] Writing timing data to binary archive.
Write ShapeDB Complete: Time (s): cpu = 00:00:00 ; elapsed = 00:00:00 . Memory (MB): peak = 3144.926 ; gain = 0.000 ; free physical = 7290 ; free virtual = 16577
Wrote PlaceDB: Time (s): cpu = 00:00:00.04 ; elapsed = 00:00:00.02 . Memory (MB): peak = 3144.926 ; gain = 0.000 ; free physical = 7289 ; free virtual = 16576
Wrote PulsedLatchDB: Time (s): cpu = 00:00:00 ; elapsed = 00:00:00 . Memory (MB): peak = 3144.926 ; gain = 0.000 ; free physical = 7289 ; free virtual = 16576
Writing XDEF routing.
Writing XDEF routing logical nets.
Writing XDEF routing special nets.
Wrote RouteStorage: Time (s): cpu = 00:00:00.02 ; elapsed = 00:00:00.01 . Memory (MB): peak = 3144.926 ; gain = 0.000 ; free physical = 7289 ; free virtual = 16576
Wrote Netlist Cache: Time (s): cpu = 00:00:00 ; elapsed = 00:00:00 . Memory (MB): peak = 3144.926 ; gain = 0.000 ; free physical = 7289 ; free virtual = 16576
Wrote Device Cache: Time (s): cpu = 00:00:00.01 ; elapsed = 00:00:00 . Memory (MB): peak = 3144.926 ; gain = 0.000 ; free physical = 7289 ; free virtual = 16577
Write Physdb Complete: Time (s): cpu = 00:00:00.07 ; elapsed = 00:00:00.03 . Memory (MB): peak = 3144.926 ; gain = 0.000 ; free physical = 7289 ; free virtual = 16577
INFO: [Common 17-1381] The checkpoint '/home/testpc/fpga_asist_dev/validation_test/si5351_ad9238_hdmi_project/fpga/vivado_gui/oscilloscope_test.runs/impl_1/si5351_ad9238_hdmi_top_test_physopt.dcp' has been generated.
Command: route_design
Attempting to get a license for feature 'Implementation' and/or device 'xc7z010'
INFO: [Common 17-349] Got license for feature 'Implementation' and/or device 'xc7z010'


Starting Routing Task
INFO: [Route 35-254] Multithreading enabled for route_design using a maximum of 8 CPUs

Phase 1 Build RT Design
Checksum: PlaceDB: 642afc4a ConstDB: 0 ShapeSum: 9f177e98 RouteDB: 6998572b
Post Restoration Checksum: NetGraph: 1fe707d2 | NumContArr: 4123a47e | Constraints: c2a8fa9d | Timing: c2a8fa9d
Phase 1 Build RT Design | Checksum: 1e65ca18a

Time (s): cpu = 00:00:04 ; elapsed = 00:00:04 . Memory (MB): peak = 3144.926 ; gain = 0.000 ; free physical = 7292 ; free virtual = 16580

Phase 2 Router Initialization

Phase 2.1 Fix Topology Constraints
Phase 2.1 Fix Topology Constraints | Checksum: 1e65ca18a

Time (s): cpu = 00:00:04 ; elapsed = 00:00:04 . Memory (MB): peak = 3144.926 ; gain = 0.000 ; free physical = 7292 ; free virtual = 16580

Phase 2.2 Pre Route Cleanup
Phase 2.2 Pre Route Cleanup | Checksum: 1e65ca18a

Time (s): cpu = 00:00:04 ; elapsed = 00:00:04 . Memory (MB): peak = 3144.926 ; gain = 0.000 ; free physical = 7292 ; free virtual = 16580
 Number of Nodes with overlaps = 0

Phase 2.3 Update Timing
Phase 2.3 Update Timing | Checksum: 2bc169699

Time (s): cpu = 00:00:04 ; elapsed = 00:00:04 . Memory (MB): peak = 3144.926 ; gain = 0.000 ; free physical = 7292 ; free virtual = 16580
INFO: [Route 35-416] Intermediate Timing Summary | WNS=1.119  | TNS=0.000  | WHS=-0.443 | THS=-10.615|


Phase 2.4 Soft Constraint Pins - Fast Budgeting
Phase 2.4 Soft Constraint Pins - Fast Budgeting | Checksum: 222c2cf90

Time (s): cpu = 00:00:04 ; elapsed = 00:00:04 . Memory (MB): peak = 3144.926 ; gain = 0.000 ; free physical = 7291 ; free virtual = 16578

Router Utilization Summary
  Global Vertical Routing Utilization    = 0 %
  Global Horizontal Routing Utilization  = 0 %
  Routable Net Status*
  *Does not include unroutable nets such as driverless and loadless.
  Run report_route_status for detailed report.
  Number of Failed Nets               = 446
    (Failed Nets is the sum of unrouted and partially routed nets)
  Number of Unrouted Nets             = 446
  Number of Partially Routed Nets     = 0
  Number of Node Overlaps             = 0

Phase 2 Router Initialization | Checksum: 25f8cf65f

Time (s): cpu = 00:00:04 ; elapsed = 00:00:04 . Memory (MB): peak = 3144.926 ; gain = 0.000 ; free physical = 7291 ; free virtual = 16578

Phase 3 Global Routing
Phase 3 Global Routing | Checksum: 25f8cf65f

Time (s): cpu = 00:00:04 ; elapsed = 00:00:04 . Memory (MB): peak = 3144.926 ; gain = 0.000 ; free physical = 7291 ; free virtual = 16578

Phase 4 Initial Routing

Phase 4.1 Initial Net Routing Pass
Phase 4.1 Initial Net Routing Pass | Checksum: 1972a6463

Time (s): cpu = 00:00:05 ; elapsed = 00:00:04 . Memory (MB): peak = 3144.926 ; gain = 0.000 ; free physical = 7291 ; free virtual = 16578
Phase 4 Initial Routing | Checksum: 1972a6463

Time (s): cpu = 00:00:05 ; elapsed = 00:00:04 . Memory (MB): peak = 3144.926 ; gain = 0.000 ; free physical = 7291 ; free virtual = 16578

Phase 5 Rip-up And Reroute

Phase 5.1 Global Iteration 0
 Number of Nodes with overlaps = 94
 Number of Nodes with overlaps = 25
 Number of Nodes with overlaps = 11
 Number of Nodes with overlaps = 10
 Number of Nodes with overlaps = 6
 Number of Nodes with overlaps = 1
 Number of Nodes with overlaps = 0
INFO: [Route 35-416] Intermediate Timing Summary | WNS=1.309  | TNS=0.000  | WHS=N/A    | THS=N/A    |

Phase 5.1 Global Iteration 0 | Checksum: 1d07d0967

Time (s): cpu = 00:00:05 ; elapsed = 00:00:04 . Memory (MB): peak = 3144.926 ; gain = 0.000 ; free physical = 7296 ; free virtual = 16584

Phase 5.2 Global Iteration 1
 Number of Nodes with overlaps = 3
 Number of Nodes with overlaps = 0
INFO: [Route 35-416] Intermediate Timing Summary | WNS=1.309  | TNS=0.000  | WHS=N/A    | THS=N/A    |

Phase 5.2 Global Iteration 1 | Checksum: 3050f845d

Time (s): cpu = 00:00:05 ; elapsed = 00:00:04 . Memory (MB): peak = 3144.926 ; gain = 0.000 ; free physical = 7296 ; free virtual = 16584
Phase 5 Rip-up And Reroute | Checksum: 3050f845d

Time (s): cpu = 00:00:05 ; elapsed = 00:00:04 . Memory (MB): peak = 3144.926 ; gain = 0.000 ; free physical = 7296 ; free virtual = 16584

Phase 6 Delay and Skew Optimization

Phase 6.1 Delay CleanUp
Phase 6.1 Delay CleanUp | Checksum: 3050f845d

Time (s): cpu = 00:00:05 ; elapsed = 00:00:04 . Memory (MB): peak = 3144.926 ; gain = 0.000 ; free physical = 7296 ; free virtual = 16584

Phase 6.2 Clock Skew Optimization
Phase 6.2 Clock Skew Optimization | Checksum: 3050f845d

Time (s): cpu = 00:00:05 ; elapsed = 00:00:04 . Memory (MB): peak = 3144.926 ; gain = 0.000 ; free physical = 7296 ; free virtual = 16584
Phase 6 Delay and Skew Optimization | Checksum: 3050f845d

Time (s): cpu = 00:00:05 ; elapsed = 00:00:04 . Memory (MB): peak = 3144.926 ; gain = 0.000 ; free physical = 7296 ; free virtual = 16584

Phase 7 Post Hold Fix

Phase 7.1 Hold Fix Iter
INFO: [Route 35-416] Intermediate Timing Summary | WNS=1.424  | TNS=0.000  | WHS=0.047  | THS=0.000  |

Phase 7.1 Hold Fix Iter | Checksum: 2ef74611a

Time (s): cpu = 00:00:05 ; elapsed = 00:00:04 . Memory (MB): peak = 3144.926 ; gain = 0.000 ; free physical = 7296 ; free virtual = 16584
Phase 7 Post Hold Fix | Checksum: 2ef74611a

Time (s): cpu = 00:00:05 ; elapsed = 00:00:04 . Memory (MB): peak = 3144.926 ; gain = 0.000 ; free physical = 7296 ; free virtual = 16584

Phase 8 Route finalize

Router Utilization Summary
  Global Vertical Routing Utilization    = 0.137387 %
  Global Horizontal Routing Utilization  = 0.184743 %
  Routable Net Status*
  *Does not include unroutable nets such as driverless and loadless.
  Run report_route_status for detailed report.
  Number of Failed Nets               = 0
    (Failed Nets is the sum of unrouted and partially routed nets)
  Number of Unrouted Nets             = 0
  Number of Partially Routed Nets     = 0
  Number of Node Overlaps             = 0

Phase 8 Route finalize | Checksum: 2ef74611a

Time (s): cpu = 00:00:05 ; elapsed = 00:00:04 . Memory (MB): peak = 3144.926 ; gain = 0.000 ; free physical = 7295 ; free virtual = 16584

Phase 9 Verifying routed nets

 Verification completed successfully
Phase 9 Verifying routed nets | Checksum: 2ef74611a

Time (s): cpu = 00:00:05 ; elapsed = 00:00:04 . Memory (MB): peak = 3144.926 ; gain = 0.000 ; free physical = 7295 ; free virtual = 16584

Phase 10 Depositing Routes
Phase 10 Depositing Routes | Checksum: 2ea26aca7

Time (s): cpu = 00:00:05 ; elapsed = 00:00:04 . Memory (MB): peak = 3144.926 ; gain = 0.000 ; free physical = 7295 ; free virtual = 16584

Phase 11 Post Process Routing
Phase 11 Post Process Routing | Checksum: 2ea26aca7

Time (s): cpu = 00:00:05 ; elapsed = 00:00:04 . Memory (MB): peak = 3144.926 ; gain = 0.000 ; free physical = 7295 ; free virtual = 16584

Phase 12 Post Router Timing
INFO: [Route 35-57] Estimated Timing Summary | WNS=1.424  | TNS=0.000  | WHS=0.047  | THS=0.000  |

INFO: [Route 35-327] The final timing numbers are based on the router estimated timing analysis. For a complete and accurate timing signoff, please run report_timing_summary.
Phase 12 Post Router Timing | Checksum: 2ea26aca7

Time (s): cpu = 00:00:05 ; elapsed = 00:00:04 . Memory (MB): peak = 3144.926 ; gain = 0.000 ; free physical = 7295 ; free virtual = 16584
Total Elapsed time in route_design: 4.14 secs

Phase 13 Post-Route Event Processing
Phase 13 Post-Route Event Processing | Checksum: 118e283bd

Time (s): cpu = 00:00:05 ; elapsed = 00:00:04 . Memory (MB): peak = 3144.926 ; gain = 0.000 ; free physical = 7295 ; free virtual = 16584
INFO: [Route 35-16] Router Completed Successfully
Ending Routing Task | Checksum: 118e283bd

Time (s): cpu = 00:00:05 ; elapsed = 00:00:04 . Memory (MB): peak = 3144.926 ; gain = 0.000 ; free physical = 7295 ; free virtual = 16584

Routing Is Done.
INFO: [Common 17-83] Releasing license: Implementation
103 Infos, 2 Warnings, 8 Critical Warnings and 0 Errors encountered.
route_design completed successfully
INFO: [Vivado 12-24828] Executing command : report_drc -file si5351_ad9238_hdmi_top_test_drc_routed.rpt -pb si5351_ad9238_hdmi_top_test_drc_routed.pb -rpx si5351_ad9238_hdmi_top_test_drc_routed.rpx
Command: report_drc -file si5351_ad9238_hdmi_top_test_drc_routed.rpt -pb si5351_ad9238_hdmi_top_test_drc_routed.pb -rpx si5351_ad9238_hdmi_top_test_drc_routed.rpx
INFO: [IP_Flow 19-1839] IP Catalog is up to date.
INFO: [DRC 23-27] Running DRC with 8 threads
INFO: [Vivado_Tcl 2-168] The results of DRC are in file /home/testpc/fpga_asist_dev/validation_test/si5351_ad9238_hdmi_project/fpga/vivado_gui/oscilloscope_test.runs/impl_1/si5351_ad9238_hdmi_top_test_drc_routed.rpt.
report_drc completed successfully
INFO: [Vivado 12-24828] Executing command : report_methodology -file si5351_ad9238_hdmi_top_test_methodology_drc_routed.rpt -pb si5351_ad9238_hdmi_top_test_methodology_drc_routed.pb -rpx si5351_ad9238_hdmi_top_test_methodology_drc_routed.rpx
Command: report_methodology -file si5351_ad9238_hdmi_top_test_methodology_drc_routed.rpt -pb si5351_ad9238_hdmi_top_test_methodology_drc_routed.pb -rpx si5351_ad9238_hdmi_top_test_methodology_drc_routed.rpx
INFO: [Timing 38-35] Done setting XDC timing constraints.
CRITICAL WARNING: [Timing 38-249] Generated clock hdmi_encoder/U0/SerialClk has no logical paths from master clock clk_out1_clk_wiz_0.
Resolution: Review the path between the master clock and the generated clock with the schematic viewer and correct the -source option. If it is correct and the master clock does not have a timing path to the generated clock, define the generated clock as a primary clock by using create_clock.
INFO: [DRC 23-133] Running Methodology with 8 threads
INFO: [Vivado_Tcl 2-1520] The results of Report Methodology are in file /home/testpc/fpga_asist_dev/validation_test/si5351_ad9238_hdmi_project/fpga/vivado_gui/oscilloscope_test.runs/impl_1/si5351_ad9238_hdmi_top_test_methodology_drc_routed.rpt.
report_methodology completed successfully
INFO: [Vivado 12-24828] Executing command : report_timing_summary -max_paths 10 -routable_nets -report_unconstrained -file si5351_ad9238_hdmi_top_test_timing_summary_routed.rpt -pb si5351_ad9238_hdmi_top_test_timing_summary_routed.pb -rpx si5351_ad9238_hdmi_top_test_timing_summary_routed.rpx -warn_on_violation 
INFO: [Timing 38-35] Done setting XDC timing constraints.
INFO: [Timing 38-91] UpdateTimingParams: Speed grade: -1, Delay Type: min_max.
INFO: [Timing 38-191] Multithreading enabled for timing update using a maximum of 8 CPUs
CRITICAL WARNING: [Timing 38-249] Generated clock hdmi_encoder/U0/SerialClk has no logical paths from master clock clk_out1_clk_wiz_0.
Resolution: Review the path between the master clock and the generated clock with the schematic viewer and correct the -source option. If it is correct and the master clock does not have a timing path to the generated clock, define the generated clock as a primary clock by using create_clock.
INFO: [Vivado 12-24838] Running report commands "report_bus_skew, report_incremental_reuse, report_route_status" in parallel.
Running report generation with 3 threads.
INFO: [Vivado 12-24828] Executing command : report_route_status -file si5351_ad9238_hdmi_top_test_route_status.rpt -pb si5351_ad9238_hdmi_top_test_route_status.pb
INFO: [Vivado 12-24828] Executing command : report_incremental_reuse -file si5351_ad9238_hdmi_top_test_incremental_reuse_routed.rpt
INFO: [Vivado_Tcl 4-1062] Incremental flow is disabled. No incremental reuse Info to report.
INFO: [Vivado 12-24828] Executing command : report_bus_skew -warn_on_violation -file si5351_ad9238_hdmi_top_test_bus_skew_routed.rpt -pb si5351_ad9238_hdmi_top_test_bus_skew_routed.pb -rpx si5351_ad9238_hdmi_top_test_bus_skew_routed.rpx
INFO: [Timing 38-91] UpdateTimingParams: Speed grade: -1, Delay Type: min_max.
INFO: [Timing 38-191] Multithreading enabled for timing update using a maximum of 8 CPUs
CRITICAL WARNING: [Timing 38-249] Generated clock hdmi_encoder/U0/SerialClk has no logical paths from master clock clk_out1_clk_wiz_0.
Resolution: Review the path between the master clock and the generated clock with the schematic viewer and correct the -source option. If it is correct and the master clock does not have a timing path to the generated clock, define the generated clock as a primary clock by using create_clock.
INFO: [Vivado 12-24828] Executing command : report_power -file si5351_ad9238_hdmi_top_test_power_routed.rpt -pb si5351_ad9238_hdmi_top_test_power_summary_routed.pb -rpx si5351_ad9238_hdmi_top_test_power_routed.rpx
Command: report_power -file si5351_ad9238_hdmi_top_test_power_routed.rpt -pb si5351_ad9238_hdmi_top_test_power_summary_routed.pb -rpx si5351_ad9238_hdmi_top_test_power_routed.rpx
CRITICAL WARNING: [Timing 38-249] Generated clock hdmi_encoder/U0/SerialClk has no logical paths from master clock clk_out1_clk_wiz_0.
Resolution: Review the path between the master clock and the generated clock with the schematic viewer and correct the -source option. If it is correct and the master clock does not have a timing path to the generated clock, define the generated clock as a primary clock by using create_clock.
Running Vector-less Activity Propagation...
CRITICAL WARNING: [Timing 38-249] Generated clock hdmi_encoder/U0/SerialClk has no logical paths from master clock clk_out1_clk_wiz_0.
Resolution: Review the path between the master clock and the generated clock with the schematic viewer and correct the -source option. If it is correct and the master clock does not have a timing path to the generated clock, define the generated clock as a primary clock by using create_clock.

Finished Running Vector-less Activity Propagation
123 Infos, 2 Warnings, 13 Critical Warnings and 0 Errors encountered.
report_power completed successfully
INFO: [Vivado 12-24828] Executing command : report_clock_utilization -file si5351_ad9238_hdmi_top_test_clock_utilization_routed.rpt
INFO: [Timing 38-480] Writing timing data to binary archive.
Write ShapeDB Complete: Time (s): cpu = 00:00:00 ; elapsed = 00:00:00 . Memory (MB): peak = 3203.125 ; gain = 0.000 ; free physical = 7164 ; free virtual = 16453
Wrote PlaceDB: Time (s): cpu = 00:00:00.05 ; elapsed = 00:00:00.01 . Memory (MB): peak = 3203.125 ; gain = 0.000 ; free physical = 7164 ; free virtual = 16453
Wrote PulsedLatchDB: Time (s): cpu = 00:00:00 ; elapsed = 00:00:00 . Memory (MB): peak = 3203.125 ; gain = 0.000 ; free physical = 7164 ; free virtual = 16453
Writing XDEF routing.
Writing XDEF routing logical nets.
Writing XDEF routing special nets.
Wrote RouteStorage: Time (s): cpu = 00:00:00.02 ; elapsed = 00:00:00.02 . Memory (MB): peak = 3203.125 ; gain = 0.000 ; free physical = 7164 ; free virtual = 16453
Wrote Netlist Cache: Time (s): cpu = 00:00:00 ; elapsed = 00:00:00 . Memory (MB): peak = 3203.125 ; gain = 0.000 ; free physical = 7164 ; free virtual = 16453
Wrote Device Cache: Time (s): cpu = 00:00:00.01 ; elapsed = 00:00:00 . Memory (MB): peak = 3203.125 ; gain = 0.000 ; free physical = 7164 ; free virtual = 16454
Write Physdb Complete: Time (s): cpu = 00:00:00.08 ; elapsed = 00:00:00.03 . Memory (MB): peak = 3203.125 ; gain = 0.000 ; free physical = 7164 ; free virtual = 16454
INFO: [Common 17-1381] The checkpoint '/home/testpc/fpga_asist_dev/validation_test/si5351_ad9238_hdmi_project/fpga/vivado_gui/oscilloscope_test.runs/impl_1/si5351_ad9238_hdmi_top_test_routed.dcp' has been generated.
INFO: [Common 17-206] Exiting Vivado at Mon Feb 16 16:39:32 2026...
[Mon Feb 16 16:39:43 2026] impl_1 finished
wait_on_runs: Time (s): cpu = 00:00:00.62 ; elapsed = 00:00:31 . Memory (MB): peak = 1639.781 ; gain = 0.000 ; free physical = 8229 ; free virtual = 17559
# if {[get_property PROGRESS [get_runs impl_1]] != "100%"} {
#     puts "ERROR: Implementation failed!"
#     exit 1
# }
# puts "\n✅ IMPLEMENTATION COMPLETE"

✅ IMPLEMENTATION COMPLETE
# launch_runs impl_1 -to_step write_bitstream -jobs 8
INFO: [Vivado 12-4149] The synthesis checkpoint for IP '/home/testpc/fpga_asist_dev/validation_test/si5351_ad9238_hdmi_project/fpga/vivado_gui/oscilloscope_test.srcs/sources_1/ip/clk_wiz_0/clk_wiz_0.xci' is already up-to-date
[Mon Feb 16 16:39:43 2026] Launched impl_1...
Run output will be captured here: /home/testpc/fpga_asist_dev/validation_test/si5351_ad9238_hdmi_project/fpga/vivado_gui/oscilloscope_test.runs/impl_1/runme.log
# wait_on_run impl_1
[Mon Feb 16 16:39:43 2026] Waiting for impl_1 to finish...

*** Running vivado
    with args -log si5351_ad9238_hdmi_top_test.vdi -applog -m64 -product Vivado -messageDb vivado.pb -mode batch -source si5351_ad9238_hdmi_top_test.tcl -notrace


****** Vivado v2025.1 (64-bit)
  **** SW Build 6140274 on Wed May 21 22:58:25 MDT 2025
  **** IP Build 6138677 on Thu May 22 03:10:11 MDT 2025
  **** SharedData Build 6139179 on Tue May 20 17:58:58 MDT 2025
  **** Start of session at: Mon Feb 16 16:39:13 2026
    ** Copyright 1986-2022 Xilinx, Inc. All Rights Reserved.
    ** Copyright 2022-2025 Advanced Micro Devices, Inc. All Rights Reserved.

source si5351_ad9238_hdmi_top_test.tcl -notrace
INFO: [IP_Flow 19-234] Refreshing IP repositories
INFO: [IP_Flow 19-1700] Loaded user IP repository '/home/testpc/fpga_asist_dev/validation_test/ax7010_fpga/18_ad9238_hdmi/auto_create_project/my_ip'.
INFO: [IP_Flow 19-2313] Loaded Vivado IP repository '/tools/Xilinx/2025.1/Vivado/data/ip'.
Command: link_design -top si5351_ad9238_hdmi_top_test -part xc7z010clg400-1
Design is defaulting to srcset: sources_1
Design is defaulting to constrset: constrs_1
INFO: [Device 21-403] Loading part xc7z010clg400-1
INFO: [Project 1-5699] Read binary netlist with skipMacroContent - 1
INFO: [Project 1-454] Reading design checkpoint '/home/testpc/fpga_asist_dev/validation_test/si5351_ad9238_hdmi_project/fpga/vivado_gui/oscilloscope_test.gen/sources_1/ip/rgb2dvi_0/rgb2dvi_0.dcp' for cell 'hdmi_encoder'
INFO: [Project 1-454] Reading design checkpoint '/home/testpc/fpga_asist_dev/validation_test/si5351_ad9238_hdmi_project/fpga/vivado_gui/oscilloscope_test.gen/sources_1/ip/clk_wiz_0/clk_wiz_0.dcp' for cell 'pll_inst'
Netlist sorting complete. Time (s): cpu = 00:00:00 ; elapsed = 00:00:00 . Memory (MB): peak = 1818.305 ; gain = 0.000 ; free physical = 8376 ; free virtual = 17662
INFO: [Netlist 29-17] Analyzing 30 Unisim elements for replacement
INFO: [Netlist 29-28] Unisim Transformation completed in 0 CPU seconds
INFO: [Project 1-479] Netlist was created with Vivado 2025.1
INFO: [Project 1-570] Preparing netlist for logic optimization
Parsing XDC File [/home/testpc/fpga_asist_dev/validation_test/si5351_ad9238_hdmi_project/fpga/vivado_gui/oscilloscope_test.gen/sources_1/ip/clk_wiz_0/clk_wiz_0_board.xdc] for cell 'pll_inst/inst'
Finished Parsing XDC File [/home/testpc/fpga_asist_dev/validation_test/si5351_ad9238_hdmi_project/fpga/vivado_gui/oscilloscope_test.gen/sources_1/ip/clk_wiz_0/clk_wiz_0_board.xdc] for cell 'pll_inst/inst'
Parsing XDC File [/home/testpc/fpga_asist_dev/validation_test/si5351_ad9238_hdmi_project/fpga/vivado_gui/oscilloscope_test.gen/sources_1/ip/clk_wiz_0/clk_wiz_0.xdc] for cell 'pll_inst/inst'
INFO: [Timing 38-35] Done setting XDC timing constraints. [/home/testpc/fpga_asist_dev/validation_test/si5351_ad9238_hdmi_project/fpga/vivado_gui/oscilloscope_test.gen/sources_1/ip/clk_wiz_0/clk_wiz_0.xdc:54]
INFO: [Timing 38-2] Deriving generated clocks [/home/testpc/fpga_asist_dev/validation_test/si5351_ad9238_hdmi_project/fpga/vivado_gui/oscilloscope_test.gen/sources_1/ip/clk_wiz_0/clk_wiz_0.xdc:54]
Finished Parsing XDC File [/home/testpc/fpga_asist_dev/validation_test/si5351_ad9238_hdmi_project/fpga/vivado_gui/oscilloscope_test.gen/sources_1/ip/clk_wiz_0/clk_wiz_0.xdc] for cell 'pll_inst/inst'
Parsing XDC File [/home/testpc/fpga_asist_dev/validation_test/si5351_ad9238_hdmi_project/fpga/vivado_gui/oscilloscope_test.gen/sources_1/ip/rgb2dvi_0/src/rgb2dvi.xdc] for cell 'hdmi_encoder/U0'
Finished Parsing XDC File [/home/testpc/fpga_asist_dev/validation_test/si5351_ad9238_hdmi_project/fpga/vivado_gui/oscilloscope_test.gen/sources_1/ip/rgb2dvi_0/src/rgb2dvi.xdc] for cell 'hdmi_encoder/U0'
Parsing XDC File [/home/testpc/fpga_asist_dev/validation_test/si5351_ad9238_hdmi_project/fpga/constraints/pins.xdc]
WARNING: [Vivado 12-627] No clocks matched 'hdmi_encoder/U0/SerialClk'. [/home/testpc/fpga_asist_dev/validation_test/si5351_ad9238_hdmi_project/fpga/constraints/pins.xdc:25]
INFO: [Vivado 12-626] No clocks found. Please use 'create_clock' or 'create_generated_clock' command to create clocks. [/home/testpc/fpga_asist_dev/validation_test/si5351_ad9238_hdmi_project/fpga/constraints/pins.xdc:25]
CRITICAL WARNING: [Vivado 12-4739] set_false_path:No valid object(s) found for '-to [get_clocks hdmi_encoder/U0/SerialClk]'. [/home/testpc/fpga_asist_dev/validation_test/si5351_ad9238_hdmi_project/fpga/constraints/pins.xdc:25]
Resolution: Check if the specified object(s) exists in the current design. If it does, ensure that the correct design hierarchy was specified for the object. If you are working with clocks, make sure create_clock was used to create the clock object before it is referenced.
WARNING: [Vivado 12-627] No clocks matched 'hdmi_encoder/U0/SerialClk'. [/home/testpc/fpga_asist_dev/validation_test/si5351_ad9238_hdmi_project/fpga/constraints/pins.xdc:26]
INFO: [Vivado 12-626] No clocks found. Please use 'create_clock' or 'create_generated_clock' command to create clocks. [/home/testpc/fpga_asist_dev/validation_test/si5351_ad9238_hdmi_project/fpga/constraints/pins.xdc:26]
CRITICAL WARNING: [Vivado 12-4739] set_false_path:No valid object(s) found for '-from [get_clocks hdmi_encoder/U0/SerialClk]'. [/home/testpc/fpga_asist_dev/validation_test/si5351_ad9238_hdmi_project/fpga/constraints/pins.xdc:26]
Resolution: Check if the specified object(s) exists in the current design. If it does, ensure that the correct design hierarchy was specified for the object. If you are working with clocks, make sure create_clock was used to create the clock object before it is referenced.
Finished Parsing XDC File [/home/testpc/fpga_asist_dev/validation_test/si5351_ad9238_hdmi_project/fpga/constraints/pins.xdc]
Parsing XDC File [/home/testpc/fpga_asist_dev/validation_test/si5351_ad9238_hdmi_project/fpga/vivado_gui/oscilloscope_test.gen/sources_1/ip/rgb2dvi_0/src/rgb2dvi_clocks.xdc] for cell 'hdmi_encoder/U0'
Finished Parsing XDC File [/home/testpc/fpga_asist_dev/validation_test/si5351_ad9238_hdmi_project/fpga/vivado_gui/oscilloscope_test.gen/sources_1/ip/rgb2dvi_0/src/rgb2dvi_clocks.xdc] for cell 'hdmi_encoder/U0'
INFO: [Opt 31-138] Pushed 0 inverter(s) to 0 load pin(s).
Netlist sorting complete. Time (s): cpu = 00:00:00 ; elapsed = 00:00:00 . Memory (MB): peak = 2442.801 ; gain = 0.000 ; free physical = 7841 ; free virtual = 17126
INFO: [Project 1-111] Unisim Transformation Summary:
No Unisim elements were transformed.

17 Infos, 2 Warnings, 2 Critical Warnings and 0 Errors encountered.
link_design completed successfully
Command: opt_design
Attempting to get a license for feature 'Implementation' and/or device 'xc7z010'
INFO: [Common 17-349] Got license for feature 'Implementation' and/or device 'xc7z010'
Running DRC as a precondition to command opt_design

Starting DRC Task
INFO: [DRC 23-27] Running DRC with 8 threads
INFO: [Project 1-461] DRC finished with 0 Errors
INFO: [Project 1-462] Please refer to the DRC report (report_drc) for more information.

Time (s): cpu = 00:00:02 ; elapsed = 00:00:00.52 . Memory (MB): peak = 2534.020 ; gain = 91.184 ; free physical = 7795 ; free virtual = 17081

Starting Cache Timing Information Task
INFO: [Timing 38-35] Done setting XDC timing constraints.
Ending Cache Timing Information Task | Checksum: 1c829e3e8

Time (s): cpu = 00:00:00.02 ; elapsed = 00:00:00.02 . Memory (MB): peak = 2534.020 ; gain = 0.000 ; free physical = 7794 ; free virtual = 17080

Starting Logic Optimization Task

Phase 1 Initialization

Phase 1.1 Core Generation And Design Setup
Phase 1.1 Core Generation And Design Setup | Checksum: 1c829e3e8

Time (s): cpu = 00:00:00 ; elapsed = 00:00:00 . Memory (MB): peak = 2835.918 ; gain = 0.000 ; free physical = 7478 ; free virtual = 16764

Phase 1.2 Setup Constraints And Sort Netlist
Phase 1.2 Setup Constraints And Sort Netlist | Checksum: 1c829e3e8

Time (s): cpu = 00:00:00.01 ; elapsed = 00:00:00 . Memory (MB): peak = 2835.918 ; gain = 0.000 ; free physical = 7478 ; free virtual = 16764
Phase 1 Initialization | Checksum: 1c829e3e8

Time (s): cpu = 00:00:00.01 ; elapsed = 00:00:00 . Memory (MB): peak = 2835.918 ; gain = 0.000 ; free physical = 7478 ; free virtual = 16764

Phase 2 Timer Update And Timing Data Collection

Phase 2.1 Timer Update
CRITICAL WARNING: [Timing 38-249] Generated clock hdmi_encoder/U0/SerialClk has no logical paths from master clock clk_out1_clk_wiz_0.
Resolution: Review the path between the master clock and the generated clock with the schematic viewer and correct the -source option. If it is correct and the master clock does not have a timing path to the generated clock, define the generated clock as a primary clock by using create_clock.
Phase 2.1 Timer Update | Checksum: 1c829e3e8

Time (s): cpu = 00:00:00.02 ; elapsed = 00:00:00.01 . Memory (MB): peak = 2835.918 ; gain = 0.000 ; free physical = 7478 ; free virtual = 16764

Phase 2.2 Timing Data Collection
Phase 2.2 Timing Data Collection | Checksum: 1c829e3e8

Time (s): cpu = 00:00:00.02 ; elapsed = 00:00:00.01 . Memory (MB): peak = 2835.918 ; gain = 0.000 ; free physical = 7478 ; free virtual = 16764
Phase 2 Timer Update And Timing Data Collection | Checksum: 1c829e3e8

Time (s): cpu = 00:00:00.02 ; elapsed = 00:00:00.01 . Memory (MB): peak = 2835.918 ; gain = 0.000 ; free physical = 7478 ; free virtual = 16764

Phase 3 Retarget
INFO: [Opt 31-1851] Number of loadless carry chains removed were: 0
INFO: [Opt 31-1834] Total Chains To Be Transformed Were: 0 AND Number of Transformed insts Created are: 0
INFO: [Opt 31-1566] Pulled 3 inverters resulting in an inversion of 26 pins
INFO: [Opt 31-138] Pushed 1 inverter(s) to 1 load pin(s).
INFO: [Opt 31-49] Retargeted 0 cell(s).
Phase 3 Retarget | Checksum: 276d2be08

Time (s): cpu = 00:00:00.05 ; elapsed = 00:00:00.02 . Memory (MB): peak = 2835.918 ; gain = 0.000 ; free physical = 7478 ; free virtual = 16764
Retarget | Checksum: 276d2be08
INFO: [Opt 31-389] Phase Retarget created 13 cells and removed 20 cells
INFO: [Opt 31-1021] In phase Retarget, 1 netlist objects are constrained preventing optimization. Please run opt_design with -debug_log to get more detail. 

Phase 4 Constant propagation
INFO: [Opt 31-138] Pushed 2 inverter(s) to 10 load pin(s).
Phase 4 Constant propagation | Checksum: 2676bdab7

Time (s): cpu = 00:00:00.08 ; elapsed = 00:00:00.03 . Memory (MB): peak = 2835.918 ; gain = 0.000 ; free physical = 7478 ; free virtual = 16764
Constant propagation | Checksum: 2676bdab7
INFO: [Opt 31-389] Phase Constant propagation created 41 cells and removed 133 cells

Phase 5 Sweep
INFO: [Constraints 18-11670] Building netlist checker database with flags, 0x8
Done building netlist checker database: Time (s): cpu = 00:00:00 ; elapsed = 00:00:00 . Memory (MB): peak = 2835.918 ; gain = 0.000 ; free physical = 7478 ; free virtual = 16764
INFO: [Constraints 18-11670] Building netlist checker database with flags, 0x8
Done building netlist checker database: Time (s): cpu = 00:00:00 ; elapsed = 00:00:00 . Memory (MB): peak = 2835.918 ; gain = 0.000 ; free physical = 7478 ; free virtual = 16764
Phase 5 Sweep | Checksum: 2296b4fbb

Time (s): cpu = 00:00:00.09 ; elapsed = 00:00:00.03 . Memory (MB): peak = 2835.918 ; gain = 0.000 ; free physical = 7478 ; free virtual = 16764
Sweep | Checksum: 2296b4fbb
INFO: [Opt 31-389] Phase Sweep created 0 cells and removed 6 cells

Phase 6 BUFG optimization
Phase 6 BUFG optimization | Checksum: 2296b4fbb

Time (s): cpu = 00:00:00.1 ; elapsed = 00:00:00.04 . Memory (MB): peak = 2867.934 ; gain = 32.016 ; free physical = 7478 ; free virtual = 16764
BUFG optimization | Checksum: 2296b4fbb
INFO: [Opt 31-662] Phase BUFG optimization created 0 cells of which 0 are BUFGs and removed 0 cells.

Phase 7 Shift Register Optimization
INFO: [Opt 31-1064] SRL Remap converted 0 SRLs to 0 registers and converted 0 registers of register chains to 0 SRLs
Phase 7 Shift Register Optimization | Checksum: 2296b4fbb

Time (s): cpu = 00:00:00.1 ; elapsed = 00:00:00.04 . Memory (MB): peak = 2867.934 ; gain = 32.016 ; free physical = 7478 ; free virtual = 16764
Shift Register Optimization | Checksum: 2296b4fbb
INFO: [Opt 31-389] Phase Shift Register Optimization created 0 cells and removed 0 cells

Phase 8 Post Processing Netlist
Phase 8 Post Processing Netlist | Checksum: 2296b4fbb

Time (s): cpu = 00:00:00.1 ; elapsed = 00:00:00.04 . Memory (MB): peak = 2867.934 ; gain = 32.016 ; free physical = 7478 ; free virtual = 16764
Post Processing Netlist | Checksum: 2296b4fbb
INFO: [Opt 31-389] Phase Post Processing Netlist created 0 cells and removed 0 cells

Phase 9 Finalization

Phase 9.1 Finalizing Design Cores and Updating Shapes
Phase 9.1 Finalizing Design Cores and Updating Shapes | Checksum: 276b6d4d9

Time (s): cpu = 00:00:00.12 ; elapsed = 00:00:00.05 . Memory (MB): peak = 2867.934 ; gain = 32.016 ; free physical = 7478 ; free virtual = 16764

Phase 9.2 Verifying Netlist Connectivity

Starting Connectivity Check Task

Time (s): cpu = 00:00:00.01 ; elapsed = 00:00:00 . Memory (MB): peak = 2867.934 ; gain = 0.000 ; free physical = 7478 ; free virtual = 16764
Phase 9.2 Verifying Netlist Connectivity | Checksum: 276b6d4d9

Time (s): cpu = 00:00:00.13 ; elapsed = 00:00:00.05 . Memory (MB): peak = 2867.934 ; gain = 32.016 ; free physical = 7478 ; free virtual = 16764
Phase 9 Finalization | Checksum: 276b6d4d9

Time (s): cpu = 00:00:00.14 ; elapsed = 00:00:00.05 . Memory (MB): peak = 2867.934 ; gain = 32.016 ; free physical = 7478 ; free virtual = 16764
Opt_design Change Summary
=========================


-------------------------------------------------------------------------------------------------------------------------
|  Phase                        |  #Cells created  |  #Cells Removed  |  #Constrained objects preventing optimizations  |
-------------------------------------------------------------------------------------------------------------------------
|  Retarget                     |              13  |              20  |                                              1  |
|  Constant propagation         |              41  |             133  |                                              0  |
|  Sweep                        |               0  |               6  |                                              0  |
|  BUFG optimization            |               0  |               0  |                                              0  |
|  Shift Register Optimization  |               0  |               0  |                                              0  |
|  Post Processing Netlist      |               0  |               0  |                                              0  |
-------------------------------------------------------------------------------------------------------------------------


Ending Logic Optimization Task | Checksum: 276b6d4d9

Time (s): cpu = 00:00:00.14 ; elapsed = 00:00:00.05 . Memory (MB): peak = 2867.934 ; gain = 32.016 ; free physical = 7478 ; free virtual = 16764

Starting Power Optimization Task
INFO: [Pwropt 34-132] Skipping clock gating for clocks with a period < 2.00 ns.
INFO: [Pwropt 34-9] Applying IDT optimizations ...
INFO: [Pwropt 34-10] Applying ODC optimizations ...
INFO: [Timing 38-35] Done setting XDC timing constraints.
CRITICAL WARNING: [Timing 38-249] Generated clock hdmi_encoder/U0/SerialClk has no logical paths from master clock clk_out1_clk_wiz_0.
Resolution: Review the path between the master clock and the generated clock with the schematic viewer and correct the -source option. If it is correct and the master clock does not have a timing path to the generated clock, define the generated clock as a primary clock by using create_clock.
Running Vector-less Activity Propagation...

Finished Running Vector-less Activity Propagation


Starting PowerOpt Patch Enables Task
INFO: [Pwropt 34-162] WRITE_MODE attribute of 0 BRAM(s) out of a total of 1 has been updated to save power. Run report_power_opt to get a complete listing of the BRAMs updated.
INFO: [Pwropt 34-201] Structural ODC has moved 0 WE to EN ports
Number of BRAM Ports augmented: 0 newly gated: 0 Total Ports: 2
Ending PowerOpt Patch Enables Task | Checksum: 276b6d4d9

Time (s): cpu = 00:00:00.01 ; elapsed = 00:00:00.01 . Memory (MB): peak = 3144.926 ; gain = 0.000 ; free physical = 7360 ; free virtual = 16645
Ending Power Optimization Task | Checksum: 276b6d4d9

Time (s): cpu = 00:00:00.43 ; elapsed = 00:00:00.13 . Memory (MB): peak = 3144.926 ; gain = 276.992 ; free physical = 7360 ; free virtual = 16645

Starting Final Cleanup Task
Ending Final Cleanup Task | Checksum: 276b6d4d9

Time (s): cpu = 00:00:00 ; elapsed = 00:00:00 . Memory (MB): peak = 3144.926 ; gain = 0.000 ; free physical = 7360 ; free virtual = 16645

Starting Netlist Obfuscation Task
Netlist sorting complete. Time (s): cpu = 00:00:00 ; elapsed = 00:00:00 . Memory (MB): peak = 3144.926 ; gain = 0.000 ; free physical = 7360 ; free virtual = 16645
Ending Netlist Obfuscation Task | Checksum: 276b6d4d9

Time (s): cpu = 00:00:00 ; elapsed = 00:00:00 . Memory (MB): peak = 3144.926 ; gain = 0.000 ; free physical = 7360 ; free virtual = 16645
INFO: [Common 17-83] Releasing license: Implementation
45 Infos, 2 Warnings, 4 Critical Warnings and 0 Errors encountered.
opt_design completed successfully
INFO: [Vivado 12-24828] Executing command : report_drc -file si5351_ad9238_hdmi_top_test_drc_opted.rpt -pb si5351_ad9238_hdmi_top_test_drc_opted.pb -rpx si5351_ad9238_hdmi_top_test_drc_opted.rpx
Command: report_drc -file si5351_ad9238_hdmi_top_test_drc_opted.rpt -pb si5351_ad9238_hdmi_top_test_drc_opted.pb -rpx si5351_ad9238_hdmi_top_test_drc_opted.rpx
INFO: [IP_Flow 19-1839] IP Catalog is up to date.
INFO: [DRC 23-27] Running DRC with 8 threads
INFO: [Vivado_Tcl 2-168] The results of DRC are in file /home/testpc/fpga_asist_dev/validation_test/si5351_ad9238_hdmi_project/fpga/vivado_gui/oscilloscope_test.runs/impl_1/si5351_ad9238_hdmi_top_test_drc_opted.rpt.
report_drc completed successfully
INFO: [Timing 38-35] Done setting XDC timing constraints.
INFO: [Timing 38-480] Writing timing data to binary archive.
Write ShapeDB Complete: Time (s): cpu = 00:00:00 ; elapsed = 00:00:00 . Memory (MB): peak = 3144.926 ; gain = 0.000 ; free physical = 7328 ; free virtual = 16613
Wrote PlaceDB: Time (s): cpu = 00:00:00 ; elapsed = 00:00:00 . Memory (MB): peak = 3144.926 ; gain = 0.000 ; free physical = 7328 ; free virtual = 16613
Wrote PulsedLatchDB: Time (s): cpu = 00:00:00 ; elapsed = 00:00:00 . Memory (MB): peak = 3144.926 ; gain = 0.000 ; free physical = 7328 ; free virtual = 16613
Writing XDEF routing.
Writing XDEF routing logical nets.
Writing XDEF routing special nets.
Wrote RouteStorage: Time (s): cpu = 00:00:00.04 ; elapsed = 00:00:00.01 . Memory (MB): peak = 3144.926 ; gain = 0.000 ; free physical = 7328 ; free virtual = 16613
Wrote Netlist Cache: Time (s): cpu = 00:00:00 ; elapsed = 00:00:00 . Memory (MB): peak = 3144.926 ; gain = 0.000 ; free physical = 7328 ; free virtual = 16613
Wrote Device Cache: Time (s): cpu = 00:00:00 ; elapsed = 00:00:00 . Memory (MB): peak = 3144.926 ; gain = 0.000 ; free physical = 7327 ; free virtual = 16613
Write Physdb Complete: Time (s): cpu = 00:00:00.05 ; elapsed = 00:00:00.01 . Memory (MB): peak = 3144.926 ; gain = 0.000 ; free physical = 7327 ; free virtual = 16613
INFO: [Common 17-1381] The checkpoint '/home/testpc/fpga_asist_dev/validation_test/si5351_ad9238_hdmi_project/fpga/vivado_gui/oscilloscope_test.runs/impl_1/si5351_ad9238_hdmi_top_test_opt.dcp' has been generated.
Command: place_design
Attempting to get a license for feature 'Implementation' and/or device 'xc7z010'
INFO: [Common 17-349] Got license for feature 'Implementation' and/or device 'xc7z010'
INFO: [Common 17-83] Releasing license: Implementation
INFO: [DRC 23-27] Running DRC with 8 threads
INFO: [Vivado_Tcl 4-198] DRC finished with 0 Errors
INFO: [Vivado_Tcl 4-199] Please refer to the DRC report (report_drc) for more information.
Running DRC as a precondition to command place_design
INFO: [DRC 23-27] Running DRC with 8 threads
INFO: [Vivado_Tcl 4-198] DRC finished with 0 Errors
INFO: [Vivado_Tcl 4-199] Please refer to the DRC report (report_drc) for more information.
INFO: [Place 30-611] Multithreading enabled for place_design using a maximum of 8 CPUs

Starting Placer Task

Phase 1 Placer Initialization

Phase 1.1 Placer Initialization Netlist Sorting
Netlist sorting complete. Time (s): cpu = 00:00:00 ; elapsed = 00:00:00.01 . Memory (MB): peak = 3144.926 ; gain = 0.000 ; free physical = 7316 ; free virtual = 16602
Phase 1.1 Placer Initialization Netlist Sorting | Checksum: 21fbccb66

Time (s): cpu = 00:00:00 ; elapsed = 00:00:00.01 . Memory (MB): peak = 3144.926 ; gain = 0.000 ; free physical = 7316 ; free virtual = 16602
Netlist sorting complete. Time (s): cpu = 00:00:00 ; elapsed = 00:00:00 . Memory (MB): peak = 3144.926 ; gain = 0.000 ; free physical = 7316 ; free virtual = 16602

Phase 1.2 IO Placement/ Clock Placement/ Build Placer Device
Phase 1.2 IO Placement/ Clock Placement/ Build Placer Device | Checksum: 1d0be045f

Time (s): cpu = 00:00:00.13 ; elapsed = 00:00:00.04 . Memory (MB): peak = 3144.926 ; gain = 0.000 ; free physical = 7324 ; free virtual = 16610

Phase 1.3 Build Placer Netlist Model
CRITICAL WARNING: [Timing 38-249] Generated clock hdmi_encoder/U0/SerialClk has no logical paths from master clock clk_out1_clk_wiz_0.
Resolution: Review the path between the master clock and the generated clock with the schematic viewer and correct the -source option. If it is correct and the master clock does not have a timing path to the generated clock, define the generated clock as a primary clock by using create_clock.
Phase 1.3 Build Placer Netlist Model | Checksum: 2852dca3d

Time (s): cpu = 00:00:00.33 ; elapsed = 00:00:00.09 . Memory (MB): peak = 3144.926 ; gain = 0.000 ; free physical = 7324 ; free virtual = 16609

Phase 1.4 Constrain Clocks/Macros
Phase 1.4 Constrain Clocks/Macros | Checksum: 2852dca3d

Time (s): cpu = 00:00:00.33 ; elapsed = 00:00:00.09 . Memory (MB): peak = 3144.926 ; gain = 0.000 ; free physical = 7324 ; free virtual = 16609
Phase 1 Placer Initialization | Checksum: 2852dca3d

Time (s): cpu = 00:00:00.33 ; elapsed = 00:00:00.09 . Memory (MB): peak = 3144.926 ; gain = 0.000 ; free physical = 7324 ; free virtual = 16609

Phase 2 Global Placement

Phase 2.1 Floorplanning
Phase 2.1 Floorplanning | Checksum: 203555f15

Time (s): cpu = 00:00:00.45 ; elapsed = 00:00:00.12 . Memory (MB): peak = 3144.926 ; gain = 0.000 ; free physical = 7306 ; free virtual = 16591

Phase 2.2 Update Timing before SLR Path Opt
Phase 2.2 Update Timing before SLR Path Opt | Checksum: 1f4873775

Time (s): cpu = 00:00:00.5 ; elapsed = 00:00:00.13 . Memory (MB): peak = 3144.926 ; gain = 0.000 ; free physical = 7340 ; free virtual = 16626

Phase 2.3 Post-Processing in Floorplanning
Phase 2.3 Post-Processing in Floorplanning | Checksum: 1f4873775

Time (s): cpu = 00:00:00.51 ; elapsed = 00:00:00.13 . Memory (MB): peak = 3144.926 ; gain = 0.000 ; free physical = 7340 ; free virtual = 16626

Phase 2.4 Global Place Phase1
Phase 2.4 Global Place Phase1 | Checksum: 1b2216cc2

Time (s): cpu = 00:00:02 ; elapsed = 00:00:00.45 . Memory (MB): peak = 3144.926 ; gain = 0.000 ; free physical = 7359 ; free virtual = 16645

Phase 2.5 Global Place Phase2

Phase 2.5.1 UpdateTiming Before Physical Synthesis
Phase 2.5.1 UpdateTiming Before Physical Synthesis | Checksum: 1b2216cc2

Time (s): cpu = 00:00:02 ; elapsed = 00:00:00.46 . Memory (MB): peak = 3144.926 ; gain = 0.000 ; free physical = 7360 ; free virtual = 16646

Phase 2.5.2 Physical Synthesis In Placer
INFO: [Physopt 32-1035] Found 0 LUTNM shape to break, 25 LUT instances to create LUTNM shape
INFO: [Physopt 32-1044] Break lutnm for timing: one critical 0, two critical 0, total 0, new lutff created 0
INFO: [Physopt 32-1138] End 1 Pass. Optimized 11 nets or LUTs. Breaked 0 LUT, combined 11 existing LUTs and moved 0 existing LUT
INFO: [Physopt 32-65] No nets found for high-fanout optimization.
INFO: [Physopt 32-232] Optimized 0 net. Created 0 new instance.
INFO: [Physopt 32-775] End 1 Pass. Optimized 0 net or cell. Created 0 new cell, deleted 0 existing cell and moved 0 existing cell
INFO: [Physopt 32-670] No setup violation found.  DSP Register Optimization was not performed.
INFO: [Physopt 32-670] No setup violation found.  Shift Register to Pipeline Optimization was not performed.
INFO: [Physopt 32-670] No setup violation found.  Shift Register Optimization was not performed.
INFO: [Physopt 32-670] No setup violation found.  BRAM Register Optimization was not performed.
INFO: [Physopt 32-670] No setup violation found.  URAM Register Optimization was not performed.
INFO: [Physopt 32-949] No candidate nets found for dynamic/static region interface net replication
INFO: [Physopt 32-775] End 1 Pass. Optimized 0 net or cell. Created 0 new cell, deleted 0 existing cell and moved 0 existing cell
Netlist sorting complete. Time (s): cpu = 00:00:00 ; elapsed = 00:00:00 . Memory (MB): peak = 3144.926 ; gain = 0.000 ; free physical = 7369 ; free virtual = 16655

Summary of Physical Synthesis Optimizations
============================================


-----------------------------------------------------------------------------------------------------------------------------------------------------------
|  Optimization                                     |  Added Cells  |  Removed Cells  |  Optimized Cells/Nets  |  Dont Touch  |  Iterations  |  Elapsed   |
-----------------------------------------------------------------------------------------------------------------------------------------------------------
|  LUT Combining                                    |            0  |             11  |                    11  |           0  |           1  |  00:00:00  |
|  Retime                                           |            0  |              0  |                     0  |           0  |           1  |  00:00:00  |
|  Very High Fanout                                 |            0  |              0  |                     0  |           0  |           1  |  00:00:00  |
|  DSP Register                                     |            0  |              0  |                     0  |           0  |           0  |  00:00:00  |
|  Shift Register to Pipeline                       |            0  |              0  |                     0  |           0  |           0  |  00:00:00  |
|  Shift Register                                   |            0  |              0  |                     0  |           0  |           0  |  00:00:00  |
|  BRAM Register                                    |            0  |              0  |                     0  |           0  |           0  |  00:00:00  |
|  URAM Register                                    |            0  |              0  |                     0  |           0  |           0  |  00:00:00  |
|  Dynamic/Static Region Interface Net Replication  |            0  |              0  |                     0  |           0  |           1  |  00:00:00  |
|  Total                                            |            0  |             11  |                    11  |           0  |           4  |  00:00:00  |
-----------------------------------------------------------------------------------------------------------------------------------------------------------


Phase 2.5.2 Physical Synthesis In Placer | Checksum: 1442904f5

Time (s): cpu = 00:00:02 ; elapsed = 00:00:00.62 . Memory (MB): peak = 3144.926 ; gain = 0.000 ; free physical = 7369 ; free virtual = 16655
Phase 2.5 Global Place Phase2 | Checksum: 14b19361f

Time (s): cpu = 00:00:02 ; elapsed = 00:00:00.64 . Memory (MB): peak = 3144.926 ; gain = 0.000 ; free physical = 7371 ; free virtual = 16657
Phase 2 Global Placement | Checksum: 14b19361f

Time (s): cpu = 00:00:02 ; elapsed = 00:00:00.64 . Memory (MB): peak = 3144.926 ; gain = 0.000 ; free physical = 7371 ; free virtual = 16657

Phase 3 Detail Placement

Phase 3.1 Commit Multi Column Macros
Phase 3.1 Commit Multi Column Macros | Checksum: 10a205a47

Time (s): cpu = 00:00:02 ; elapsed = 00:00:00.66 . Memory (MB): peak = 3144.926 ; gain = 0.000 ; free physical = 7371 ; free virtual = 16657

Phase 3.2 Commit Most Macros & LUTRAMs
Phase 3.2 Commit Most Macros & LUTRAMs | Checksum: 230315ee9

Time (s): cpu = 00:00:02 ; elapsed = 00:00:00.69 . Memory (MB): peak = 3144.926 ; gain = 0.000 ; free physical = 7371 ; free virtual = 16657

Phase 3.3 Area Swap Optimization
Phase 3.3 Area Swap Optimization | Checksum: 1aa312b58

Time (s): cpu = 00:00:02 ; elapsed = 00:00:00.69 . Memory (MB): peak = 3144.926 ; gain = 0.000 ; free physical = 7371 ; free virtual = 16657

Phase 3.4 Pipeline Register Optimization
Phase 3.4 Pipeline Register Optimization | Checksum: 20f73c6d8

Time (s): cpu = 00:00:02 ; elapsed = 00:00:00.69 . Memory (MB): peak = 3144.926 ; gain = 0.000 ; free physical = 7371 ; free virtual = 16657

Phase 3.5 Small Shape Detail Placement
Phase 3.5 Small Shape Detail Placement | Checksum: 1fedbf9a3

Time (s): cpu = 00:00:03 ; elapsed = 00:00:00.75 . Memory (MB): peak = 3144.926 ; gain = 0.000 ; free physical = 7368 ; free virtual = 16654

Phase 3.6 Re-assign LUT pins
Phase 3.6 Re-assign LUT pins | Checksum: 27929b412

Time (s): cpu = 00:00:03 ; elapsed = 00:00:00.76 . Memory (MB): peak = 3144.926 ; gain = 0.000 ; free physical = 7368 ; free virtual = 16654

Phase 3.7 Pipeline Register Optimization
Phase 3.7 Pipeline Register Optimization | Checksum: 2125d1a92

Time (s): cpu = 00:00:03 ; elapsed = 00:00:00.77 . Memory (MB): peak = 3144.926 ; gain = 0.000 ; free physical = 7368 ; free virtual = 16654
Phase 3 Detail Placement | Checksum: 2125d1a92

Time (s): cpu = 00:00:03 ; elapsed = 00:00:00.77 . Memory (MB): peak = 3144.926 ; gain = 0.000 ; free physical = 7368 ; free virtual = 16654

Phase 4 Post Placement Optimization and Clean-Up

Phase 4.1 Post Commit Optimization
INFO: [Timing 38-35] Done setting XDC timing constraints.
CRITICAL WARNING: [Timing 38-249] Generated clock hdmi_encoder/U0/SerialClk has no logical paths from master clock clk_out1_clk_wiz_0.
Resolution: Review the path between the master clock and the generated clock with the schematic viewer and correct the -source option. If it is correct and the master clock does not have a timing path to the generated clock, define the generated clock as a primary clock by using create_clock.

Phase 4.1.1 Post Placement Optimization
Post Placement Optimization Initialization | Checksum: 218bd0f2d

Phase 4.1.1.1 BUFG Insertion

Starting Physical Synthesis Task

Phase 1 Physical Synthesis Initialization
INFO: [Physopt 32-721] Multithreading enabled for phys_opt_design using a maximum of 8 CPUs
INFO: [Physopt 32-619] Estimated Timing Summary | WNS=0.231 | TNS=0.000 |
Phase 1 Physical Synthesis Initialization | Checksum: 119c74b2f

Time (s): cpu = 00:00:00.05 ; elapsed = 00:00:00 . Memory (MB): peak = 3144.926 ; gain = 0.000 ; free physical = 7368 ; free virtual = 16654
INFO: [Place 46-56] BUFG insertion identified 0 candidate nets. Inserted BUFG: 0, Replicated BUFG Driver: 0, Skipped due to Placement/Routing Conflicts: 0, Skipped due to Timing Degradation: 0, Skipped due to netlist editing failed: 0.
CRITICAL WARNING: [Timing 38-249] Generated clock hdmi_encoder/U0/SerialClk has no logical paths from master clock clk_out1_clk_wiz_0.
Resolution: Review the path between the master clock and the generated clock with the schematic viewer and correct the -source option. If it is correct and the master clock does not have a timing path to the generated clock, define the generated clock as a primary clock by using create_clock.
Ending Physical Synthesis Task | Checksum: 21801bbb9

Time (s): cpu = 00:00:00.07 ; elapsed = 00:00:00.01 . Memory (MB): peak = 3144.926 ; gain = 0.000 ; free physical = 7368 ; free virtual = 16654
Phase 4.1.1.1 BUFG Insertion | Checksum: 218bd0f2d

Time (s): cpu = 00:00:03 ; elapsed = 00:00:00.82 . Memory (MB): peak = 3144.926 ; gain = 0.000 ; free physical = 7368 ; free virtual = 16654

Phase 4.1.1.2 Post Placement Timing Optimization
INFO: [Place 30-746] Post Placement Timing Summary WNS=1.009. For the most accurate timing information please run report_timing.
Phase 4.1.1.2 Post Placement Timing Optimization | Checksum: 1c79248f0

Time (s): cpu = 00:00:03 ; elapsed = 00:00:00.95 . Memory (MB): peak = 3144.926 ; gain = 0.000 ; free physical = 7368 ; free virtual = 16654

Time (s): cpu = 00:00:03 ; elapsed = 00:00:00.95 . Memory (MB): peak = 3144.926 ; gain = 0.000 ; free physical = 7368 ; free virtual = 16654
Phase 4.1 Post Commit Optimization | Checksum: 1c79248f0

Time (s): cpu = 00:00:03 ; elapsed = 00:00:00.95 . Memory (MB): peak = 3144.926 ; gain = 0.000 ; free physical = 7368 ; free virtual = 16654

Phase 4.2 Post Placement Cleanup
Phase 4.2 Post Placement Cleanup | Checksum: 1c79248f0

Time (s): cpu = 00:00:03 ; elapsed = 00:00:00.95 . Memory (MB): peak = 3144.926 ; gain = 0.000 ; free physical = 7368 ; free virtual = 16654

Phase 4.3 Placer Reporting

Phase 4.3.1 Print Estimated Congestion
INFO: [Place 30-612] Post-Placement Estimated Congestion 
 ____________________________________________________
|           | Global Congestion | Short Congestion  |
| Direction | Region Size       | Region Size       |
|___________|___________________|___________________|
|      North|                1x1|                1x1|
|___________|___________________|___________________|
|      South|                1x1|                1x1|
|___________|___________________|___________________|
|       East|                1x1|                1x1|
|___________|___________________|___________________|
|       West|                1x1|                1x1|
|___________|___________________|___________________|

Phase 4.3.1 Print Estimated Congestion | Checksum: 1c79248f0

Time (s): cpu = 00:00:03 ; elapsed = 00:00:00.95 . Memory (MB): peak = 3144.926 ; gain = 0.000 ; free physical = 7368 ; free virtual = 16654
Phase 4.3 Placer Reporting | Checksum: 1c79248f0

Time (s): cpu = 00:00:03 ; elapsed = 00:00:00.95 . Memory (MB): peak = 3144.926 ; gain = 0.000 ; free physical = 7368 ; free virtual = 16654

Phase 4.4 Final Placement Cleanup
Netlist sorting complete. Time (s): cpu = 00:00:00 ; elapsed = 00:00:00 . Memory (MB): peak = 3144.926 ; gain = 0.000 ; free physical = 7368 ; free virtual = 16654

Time (s): cpu = 00:00:03 ; elapsed = 00:00:00.96 . Memory (MB): peak = 3144.926 ; gain = 0.000 ; free physical = 7368 ; free virtual = 16654
Phase 4 Post Placement Optimization and Clean-Up | Checksum: 1fb91e2b3

Time (s): cpu = 00:00:03 ; elapsed = 00:00:00.96 . Memory (MB): peak = 3144.926 ; gain = 0.000 ; free physical = 7368 ; free virtual = 16654
Ending Placer Task | Checksum: 16cdad20d

Time (s): cpu = 00:00:03 ; elapsed = 00:00:00.96 . Memory (MB): peak = 3144.926 ; gain = 0.000 ; free physical = 7368 ; free virtual = 16654
80 Infos, 2 Warnings, 7 Critical Warnings and 0 Errors encountered.
place_design completed successfully
INFO: [Vivado 12-24838] Running report commands "report_control_sets, report_io, report_utilization" in parallel.
Running report generation with 3 threads.
INFO: [Vivado 12-24828] Executing command : report_control_sets -verbose -file si5351_ad9238_hdmi_top_test_control_sets_placed.rpt
report_control_sets: Time (s): cpu = 00:00:00.06 ; elapsed = 00:00:00.07 . Memory (MB): peak = 3144.926 ; gain = 0.000 ; free physical = 7318 ; free virtual = 16604
INFO: [Vivado 12-24828] Executing command : report_utilization -file si5351_ad9238_hdmi_top_test_utilization_placed.rpt -pb si5351_ad9238_hdmi_top_test_utilization_placed.pb
INFO: [Vivado 12-24828] Executing command : report_io -file si5351_ad9238_hdmi_top_test_io_placed.rpt
report_io: Time (s): cpu = 00:00:00.15 ; elapsed = 00:00:00.13 . Memory (MB): peak = 3144.926 ; gain = 0.000 ; free physical = 7295 ; free virtual = 16581
INFO: [Timing 38-480] Writing timing data to binary archive.
Write ShapeDB Complete: Time (s): cpu = 00:00:00.01 ; elapsed = 00:00:00 . Memory (MB): peak = 3144.926 ; gain = 0.000 ; free physical = 7295 ; free virtual = 16581
Wrote PlaceDB: Time (s): cpu = 00:00:00.06 ; elapsed = 00:00:00.01 . Memory (MB): peak = 3144.926 ; gain = 0.000 ; free physical = 7294 ; free virtual = 16581
Wrote PulsedLatchDB: Time (s): cpu = 00:00:00 ; elapsed = 00:00:00 . Memory (MB): peak = 3144.926 ; gain = 0.000 ; free physical = 7294 ; free virtual = 16581
Writing XDEF routing.
Writing XDEF routing logical nets.
Writing XDEF routing special nets.
Wrote RouteStorage: Time (s): cpu = 00:00:00.01 ; elapsed = 00:00:00 . Memory (MB): peak = 3144.926 ; gain = 0.000 ; free physical = 7294 ; free virtual = 16581
Wrote Netlist Cache: Time (s): cpu = 00:00:00.01 ; elapsed = 00:00:00 . Memory (MB): peak = 3144.926 ; gain = 0.000 ; free physical = 7294 ; free virtual = 16581
Wrote Device Cache: Time (s): cpu = 00:00:00 ; elapsed = 00:00:00.01 . Memory (MB): peak = 3144.926 ; gain = 0.000 ; free physical = 7293 ; free virtual = 16580
Write Physdb Complete: Time (s): cpu = 00:00:00.08 ; elapsed = 00:00:00.03 . Memory (MB): peak = 3144.926 ; gain = 0.000 ; free physical = 7293 ; free virtual = 16580
INFO: [Common 17-1381] The checkpoint '/home/testpc/fpga_asist_dev/validation_test/si5351_ad9238_hdmi_project/fpga/vivado_gui/oscilloscope_test.runs/impl_1/si5351_ad9238_hdmi_top_test_placed.dcp' has been generated.
Command: phys_opt_design
Attempting to get a license for feature 'Implementation' and/or device 'xc7z010'
INFO: [Common 17-349] Got license for feature 'Implementation' and/or device 'xc7z010'

Starting Initial Update Timing Task
CRITICAL WARNING: [Timing 38-249] Generated clock hdmi_encoder/U0/SerialClk has no logical paths from master clock clk_out1_clk_wiz_0.
Resolution: Review the path between the master clock and the generated clock with the schematic viewer and correct the -source option. If it is correct and the master clock does not have a timing path to the generated clock, define the generated clock as a primary clock by using create_clock.

Time (s): cpu = 00:00:00.06 ; elapsed = 00:00:00.03 . Memory (MB): peak = 3144.926 ; gain = 0.000 ; free physical = 7290 ; free virtual = 16577
INFO: [Vivado_Tcl 4-2279] Estimated Timing Summary | WNS= 1.009 | TNS= 0.000 | 
INFO: [Vivado_Tcl 4-383] Design worst setup slack (WNS) is greater than or equal to 0.000 ns. All physical synthesis setup optimizations will be skipped.
INFO: [Vivado_Tcl 4-232] No setup violation found. The netlist was not modified.
INFO: [Common 17-83] Releasing license: Implementation
91 Infos, 2 Warnings, 8 Critical Warnings and 0 Errors encountered.
phys_opt_design completed successfully
INFO: [Timing 38-480] Writing timing data to binary archive.
Write ShapeDB Complete: Time (s): cpu = 00:00:00 ; elapsed = 00:00:00 . Memory (MB): peak = 3144.926 ; gain = 0.000 ; free physical = 7290 ; free virtual = 16577
Wrote PlaceDB: Time (s): cpu = 00:00:00.04 ; elapsed = 00:00:00.02 . Memory (MB): peak = 3144.926 ; gain = 0.000 ; free physical = 7289 ; free virtual = 16576
Wrote PulsedLatchDB: Time (s): cpu = 00:00:00 ; elapsed = 00:00:00 . Memory (MB): peak = 3144.926 ; gain = 0.000 ; free physical = 7289 ; free virtual = 16576
Writing XDEF routing.
Writing XDEF routing logical nets.
Writing XDEF routing special nets.
Wrote RouteStorage: Time (s): cpu = 00:00:00.02 ; elapsed = 00:00:00.01 . Memory (MB): peak = 3144.926 ; gain = 0.000 ; free physical = 7289 ; free virtual = 16576
Wrote Netlist Cache: Time (s): cpu = 00:00:00 ; elapsed = 00:00:00 . Memory (MB): peak = 3144.926 ; gain = 0.000 ; free physical = 7289 ; free virtual = 16576
Wrote Device Cache: Time (s): cpu = 00:00:00.01 ; elapsed = 00:00:00 . Memory (MB): peak = 3144.926 ; gain = 0.000 ; free physical = 7289 ; free virtual = 16577
Write Physdb Complete: Time (s): cpu = 00:00:00.07 ; elapsed = 00:00:00.03 . Memory (MB): peak = 3144.926 ; gain = 0.000 ; free physical = 7289 ; free virtual = 16577
INFO: [Common 17-1381] The checkpoint '/home/testpc/fpga_asist_dev/validation_test/si5351_ad9238_hdmi_project/fpga/vivado_gui/oscilloscope_test.runs/impl_1/si5351_ad9238_hdmi_top_test_physopt.dcp' has been generated.
Command: route_design
Attempting to get a license for feature 'Implementation' and/or device 'xc7z010'
INFO: [Common 17-349] Got license for feature 'Implementation' and/or device 'xc7z010'


Starting Routing Task
INFO: [Route 35-254] Multithreading enabled for route_design using a maximum of 8 CPUs

Phase 1 Build RT Design
Checksum: PlaceDB: 642afc4a ConstDB: 0 ShapeSum: 9f177e98 RouteDB: 6998572b
Post Restoration Checksum: NetGraph: 1fe707d2 | NumContArr: 4123a47e | Constraints: c2a8fa9d | Timing: c2a8fa9d
Phase 1 Build RT Design | Checksum: 1e65ca18a

Time (s): cpu = 00:00:04 ; elapsed = 00:00:04 . Memory (MB): peak = 3144.926 ; gain = 0.000 ; free physical = 7292 ; free virtual = 16580

Phase 2 Router Initialization

Phase 2.1 Fix Topology Constraints
Phase 2.1 Fix Topology Constraints | Checksum: 1e65ca18a

Time (s): cpu = 00:00:04 ; elapsed = 00:00:04 . Memory (MB): peak = 3144.926 ; gain = 0.000 ; free physical = 7292 ; free virtual = 16580

Phase 2.2 Pre Route Cleanup
Phase 2.2 Pre Route Cleanup | Checksum: 1e65ca18a

Time (s): cpu = 00:00:04 ; elapsed = 00:00:04 . Memory (MB): peak = 3144.926 ; gain = 0.000 ; free physical = 7292 ; free virtual = 16580
 Number of Nodes with overlaps = 0

Phase 2.3 Update Timing
Phase 2.3 Update Timing | Checksum: 2bc169699

Time (s): cpu = 00:00:04 ; elapsed = 00:00:04 . Memory (MB): peak = 3144.926 ; gain = 0.000 ; free physical = 7292 ; free virtual = 16580
INFO: [Route 35-416] Intermediate Timing Summary | WNS=1.119  | TNS=0.000  | WHS=-0.443 | THS=-10.615|


Phase 2.4 Soft Constraint Pins - Fast Budgeting
Phase 2.4 Soft Constraint Pins - Fast Budgeting | Checksum: 222c2cf90

Time (s): cpu = 00:00:04 ; elapsed = 00:00:04 . Memory (MB): peak = 3144.926 ; gain = 0.000 ; free physical = 7291 ; free virtual = 16578

Router Utilization Summary
  Global Vertical Routing Utilization    = 0 %
  Global Horizontal Routing Utilization  = 0 %
  Routable Net Status*
  *Does not include unroutable nets such as driverless and loadless.
  Run report_route_status for detailed report.
  Number of Failed Nets               = 446
    (Failed Nets is the sum of unrouted and partially routed nets)
  Number of Unrouted Nets             = 446
  Number of Partially Routed Nets     = 0
  Number of Node Overlaps             = 0

Phase 2 Router Initialization | Checksum: 25f8cf65f

Time (s): cpu = 00:00:04 ; elapsed = 00:00:04 . Memory (MB): peak = 3144.926 ; gain = 0.000 ; free physical = 7291 ; free virtual = 16578

Phase 3 Global Routing
Phase 3 Global Routing | Checksum: 25f8cf65f

Time (s): cpu = 00:00:04 ; elapsed = 00:00:04 . Memory (MB): peak = 3144.926 ; gain = 0.000 ; free physical = 7291 ; free virtual = 16578

Phase 4 Initial Routing

Phase 4.1 Initial Net Routing Pass
Phase 4.1 Initial Net Routing Pass | Checksum: 1972a6463

Time (s): cpu = 00:00:05 ; elapsed = 00:00:04 . Memory (MB): peak = 3144.926 ; gain = 0.000 ; free physical = 7291 ; free virtual = 16578
Phase 4 Initial Routing | Checksum: 1972a6463

Time (s): cpu = 00:00:05 ; elapsed = 00:00:04 . Memory (MB): peak = 3144.926 ; gain = 0.000 ; free physical = 7291 ; free virtual = 16578

Phase 5 Rip-up And Reroute

Phase 5.1 Global Iteration 0
 Number of Nodes with overlaps = 94
 Number of Nodes with overlaps = 25
 Number of Nodes with overlaps = 11
 Number of Nodes with overlaps = 10
 Number of Nodes with overlaps = 6
 Number of Nodes with overlaps = 1
 Number of Nodes with overlaps = 0
INFO: [Route 35-416] Intermediate Timing Summary | WNS=1.309  | TNS=0.000  | WHS=N/A    | THS=N/A    |

Phase 5.1 Global Iteration 0 | Checksum: 1d07d0967

Time (s): cpu = 00:00:05 ; elapsed = 00:00:04 . Memory (MB): peak = 3144.926 ; gain = 0.000 ; free physical = 7296 ; free virtual = 16584

Phase 5.2 Global Iteration 1
 Number of Nodes with overlaps = 3
 Number of Nodes with overlaps = 0
INFO: [Route 35-416] Intermediate Timing Summary | WNS=1.309  | TNS=0.000  | WHS=N/A    | THS=N/A    |

Phase 5.2 Global Iteration 1 | Checksum: 3050f845d

Time (s): cpu = 00:00:05 ; elapsed = 00:00:04 . Memory (MB): peak = 3144.926 ; gain = 0.000 ; free physical = 7296 ; free virtual = 16584
Phase 5 Rip-up And Reroute | Checksum: 3050f845d

Time (s): cpu = 00:00:05 ; elapsed = 00:00:04 . Memory (MB): peak = 3144.926 ; gain = 0.000 ; free physical = 7296 ; free virtual = 16584

Phase 6 Delay and Skew Optimization

Phase 6.1 Delay CleanUp
Phase 6.1 Delay CleanUp | Checksum: 3050f845d

Time (s): cpu = 00:00:05 ; elapsed = 00:00:04 . Memory (MB): peak = 3144.926 ; gain = 0.000 ; free physical = 7296 ; free virtual = 16584

Phase 6.2 Clock Skew Optimization
Phase 6.2 Clock Skew Optimization | Checksum: 3050f845d

Time (s): cpu = 00:00:05 ; elapsed = 00:00:04 . Memory (MB): peak = 3144.926 ; gain = 0.000 ; free physical = 7296 ; free virtual = 16584
Phase 6 Delay and Skew Optimization | Checksum: 3050f845d

Time (s): cpu = 00:00:05 ; elapsed = 00:00:04 . Memory (MB): peak = 3144.926 ; gain = 0.000 ; free physical = 7296 ; free virtual = 16584

Phase 7 Post Hold Fix

Phase 7.1 Hold Fix Iter
INFO: [Route 35-416] Intermediate Timing Summary | WNS=1.424  | TNS=0.000  | WHS=0.047  | THS=0.000  |

Phase 7.1 Hold Fix Iter | Checksum: 2ef74611a

Time (s): cpu = 00:00:05 ; elapsed = 00:00:04 . Memory (MB): peak = 3144.926 ; gain = 0.000 ; free physical = 7296 ; free virtual = 16584
Phase 7 Post Hold Fix | Checksum: 2ef74611a

Time (s): cpu = 00:00:05 ; elapsed = 00:00:04 . Memory (MB): peak = 3144.926 ; gain = 0.000 ; free physical = 7296 ; free virtual = 16584

Phase 8 Route finalize

Router Utilization Summary
  Global Vertical Routing Utilization    = 0.137387 %
  Global Horizontal Routing Utilization  = 0.184743 %
  Routable Net Status*
  *Does not include unroutable nets such as driverless and loadless.
  Run report_route_status for detailed report.
  Number of Failed Nets               = 0
    (Failed Nets is the sum of unrouted and partially routed nets)
  Number of Unrouted Nets             = 0
  Number of Partially Routed Nets     = 0
  Number of Node Overlaps             = 0

Phase 8 Route finalize | Checksum: 2ef74611a

Time (s): cpu = 00:00:05 ; elapsed = 00:00:04 . Memory (MB): peak = 3144.926 ; gain = 0.000 ; free physical = 7295 ; free virtual = 16584

Phase 9 Verifying routed nets

 Verification completed successfully
Phase 9 Verifying routed nets | Checksum: 2ef74611a

Time (s): cpu = 00:00:05 ; elapsed = 00:00:04 . Memory (MB): peak = 3144.926 ; gain = 0.000 ; free physical = 7295 ; free virtual = 16584

Phase 10 Depositing Routes
Phase 10 Depositing Routes | Checksum: 2ea26aca7

Time (s): cpu = 00:00:05 ; elapsed = 00:00:04 . Memory (MB): peak = 3144.926 ; gain = 0.000 ; free physical = 7295 ; free virtual = 16584

Phase 11 Post Process Routing
Phase 11 Post Process Routing | Checksum: 2ea26aca7

Time (s): cpu = 00:00:05 ; elapsed = 00:00:04 . Memory (MB): peak = 3144.926 ; gain = 0.000 ; free physical = 7295 ; free virtual = 16584

Phase 12 Post Router Timing
INFO: [Route 35-57] Estimated Timing Summary | WNS=1.424  | TNS=0.000  | WHS=0.047  | THS=0.000  |

INFO: [Route 35-327] The final timing numbers are based on the router estimated timing analysis. For a complete and accurate timing signoff, please run report_timing_summary.
Phase 12 Post Router Timing | Checksum: 2ea26aca7

Time (s): cpu = 00:00:05 ; elapsed = 00:00:04 . Memory (MB): peak = 3144.926 ; gain = 0.000 ; free physical = 7295 ; free virtual = 16584
Total Elapsed time in route_design: 4.14 secs

Phase 13 Post-Route Event Processing
Phase 13 Post-Route Event Processing | Checksum: 118e283bd

Time (s): cpu = 00:00:05 ; elapsed = 00:00:04 . Memory (MB): peak = 3144.926 ; gain = 0.000 ; free physical = 7295 ; free virtual = 16584
INFO: [Route 35-16] Router Completed Successfully
Ending Routing Task | Checksum: 118e283bd

Time (s): cpu = 00:00:05 ; elapsed = 00:00:04 . Memory (MB): peak = 3144.926 ; gain = 0.000 ; free physical = 7295 ; free virtual = 16584

Routing Is Done.
INFO: [Common 17-83] Releasing license: Implementation
103 Infos, 2 Warnings, 8 Critical Warnings and 0 Errors encountered.
route_design completed successfully
INFO: [Vivado 12-24828] Executing command : report_drc -file si5351_ad9238_hdmi_top_test_drc_routed.rpt -pb si5351_ad9238_hdmi_top_test_drc_routed.pb -rpx si5351_ad9238_hdmi_top_test_drc_routed.rpx
Command: report_drc -file si5351_ad9238_hdmi_top_test_drc_routed.rpt -pb si5351_ad9238_hdmi_top_test_drc_routed.pb -rpx si5351_ad9238_hdmi_top_test_drc_routed.rpx
INFO: [IP_Flow 19-1839] IP Catalog is up to date.
INFO: [DRC 23-27] Running DRC with 8 threads
INFO: [Vivado_Tcl 2-168] The results of DRC are in file /home/testpc/fpga_asist_dev/validation_test/si5351_ad9238_hdmi_project/fpga/vivado_gui/oscilloscope_test.runs/impl_1/si5351_ad9238_hdmi_top_test_drc_routed.rpt.
report_drc completed successfully
INFO: [Vivado 12-24828] Executing command : report_methodology -file si5351_ad9238_hdmi_top_test_methodology_drc_routed.rpt -pb si5351_ad9238_hdmi_top_test_methodology_drc_routed.pb -rpx si5351_ad9238_hdmi_top_test_methodology_drc_routed.rpx
Command: report_methodology -file si5351_ad9238_hdmi_top_test_methodology_drc_routed.rpt -pb si5351_ad9238_hdmi_top_test_methodology_drc_routed.pb -rpx si5351_ad9238_hdmi_top_test_methodology_drc_routed.rpx
INFO: [Timing 38-35] Done setting XDC timing constraints.
CRITICAL WARNING: [Timing 38-249] Generated clock hdmi_encoder/U0/SerialClk has no logical paths from master clock clk_out1_clk_wiz_0.
Resolution: Review the path between the master clock and the generated clock with the schematic viewer and correct the -source option. If it is correct and the master clock does not have a timing path to the generated clock, define the generated clock as a primary clock by using create_clock.
INFO: [DRC 23-133] Running Methodology with 8 threads
INFO: [Vivado_Tcl 2-1520] The results of Report Methodology are in file /home/testpc/fpga_asist_dev/validation_test/si5351_ad9238_hdmi_project/fpga/vivado_gui/oscilloscope_test.runs/impl_1/si5351_ad9238_hdmi_top_test_methodology_drc_routed.rpt.
report_methodology completed successfully
INFO: [Vivado 12-24828] Executing command : report_timing_summary -max_paths 10 -routable_nets -report_unconstrained -file si5351_ad9238_hdmi_top_test_timing_summary_routed.rpt -pb si5351_ad9238_hdmi_top_test_timing_summary_routed.pb -rpx si5351_ad9238_hdmi_top_test_timing_summary_routed.rpx -warn_on_violation 
INFO: [Timing 38-35] Done setting XDC timing constraints.
INFO: [Timing 38-91] UpdateTimingParams: Speed grade: -1, Delay Type: min_max.
INFO: [Timing 38-191] Multithreading enabled for timing update using a maximum of 8 CPUs
CRITICAL WARNING: [Timing 38-249] Generated clock hdmi_encoder/U0/SerialClk has no logical paths from master clock clk_out1_clk_wiz_0.
Resolution: Review the path between the master clock and the generated clock with the schematic viewer and correct the -source option. If it is correct and the master clock does not have a timing path to the generated clock, define the generated clock as a primary clock by using create_clock.
INFO: [Vivado 12-24838] Running report commands "report_bus_skew, report_incremental_reuse, report_route_status" in parallel.
Running report generation with 3 threads.
INFO: [Vivado 12-24828] Executing command : report_route_status -file si5351_ad9238_hdmi_top_test_route_status.rpt -pb si5351_ad9238_hdmi_top_test_route_status.pb
INFO: [Vivado 12-24828] Executing command : report_incremental_reuse -file si5351_ad9238_hdmi_top_test_incremental_reuse_routed.rpt
INFO: [Vivado_Tcl 4-1062] Incremental flow is disabled. No incremental reuse Info to report.
INFO: [Vivado 12-24828] Executing command : report_bus_skew -warn_on_violation -file si5351_ad9238_hdmi_top_test_bus_skew_routed.rpt -pb si5351_ad9238_hdmi_top_test_bus_skew_routed.pb -rpx si5351_ad9238_hdmi_top_test_bus_skew_routed.rpx
INFO: [Timing 38-91] UpdateTimingParams: Speed grade: -1, Delay Type: min_max.
INFO: [Timing 38-191] Multithreading enabled for timing update using a maximum of 8 CPUs
CRITICAL WARNING: [Timing 38-249] Generated clock hdmi_encoder/U0/SerialClk has no logical paths from master clock clk_out1_clk_wiz_0.
Resolution: Review the path between the master clock and the generated clock with the schematic viewer and correct the -source option. If it is correct and the master clock does not have a timing path to the generated clock, define the generated clock as a primary clock by using create_clock.
INFO: [Vivado 12-24828] Executing command : report_power -file si5351_ad9238_hdmi_top_test_power_routed.rpt -pb si5351_ad9238_hdmi_top_test_power_summary_routed.pb -rpx si5351_ad9238_hdmi_top_test_power_routed.rpx
Command: report_power -file si5351_ad9238_hdmi_top_test_power_routed.rpt -pb si5351_ad9238_hdmi_top_test_power_summary_routed.pb -rpx si5351_ad9238_hdmi_top_test_power_routed.rpx
CRITICAL WARNING: [Timing 38-249] Generated clock hdmi_encoder/U0/SerialClk has no logical paths from master clock clk_out1_clk_wiz_0.
Resolution: Review the path between the master clock and the generated clock with the schematic viewer and correct the -source option. If it is correct and the master clock does not have a timing path to the generated clock, define the generated clock as a primary clock by using create_clock.
Running Vector-less Activity Propagation...
CRITICAL WARNING: [Timing 38-249] Generated clock hdmi_encoder/U0/SerialClk has no logical paths from master clock clk_out1_clk_wiz_0.
Resolution: Review the path between the master clock and the generated clock with the schematic viewer and correct the -source option. If it is correct and the master clock does not have a timing path to the generated clock, define the generated clock as a primary clock by using create_clock.

Finished Running Vector-less Activity Propagation
123 Infos, 2 Warnings, 13 Critical Warnings and 0 Errors encountered.
report_power completed successfully
INFO: [Vivado 12-24828] Executing command : report_clock_utilization -file si5351_ad9238_hdmi_top_test_clock_utilization_routed.rpt
INFO: [Timing 38-480] Writing timing data to binary archive.
Write ShapeDB Complete: Time (s): cpu = 00:00:00 ; elapsed = 00:00:00 . Memory (MB): peak = 3203.125 ; gain = 0.000 ; free physical = 7164 ; free virtual = 16453
Wrote PlaceDB: Time (s): cpu = 00:00:00.05 ; elapsed = 00:00:00.01 . Memory (MB): peak = 3203.125 ; gain = 0.000 ; free physical = 7164 ; free virtual = 16453
Wrote PulsedLatchDB: Time (s): cpu = 00:00:00 ; elapsed = 00:00:00 . Memory (MB): peak = 3203.125 ; gain = 0.000 ; free physical = 7164 ; free virtual = 16453
Writing XDEF routing.
Writing XDEF routing logical nets.
Writing XDEF routing special nets.
Wrote RouteStorage: Time (s): cpu = 00:00:00.02 ; elapsed = 00:00:00.02 . Memory (MB): peak = 3203.125 ; gain = 0.000 ; free physical = 7164 ; free virtual = 16453
Wrote Netlist Cache: Time (s): cpu = 00:00:00 ; elapsed = 00:00:00 . Memory (MB): peak = 3203.125 ; gain = 0.000 ; free physical = 7164 ; free virtual = 16453
Wrote Device Cache: Time (s): cpu = 00:00:00.01 ; elapsed = 00:00:00 . Memory (MB): peak = 3203.125 ; gain = 0.000 ; free physical = 7164 ; free virtual = 16454
Write Physdb Complete: Time (s): cpu = 00:00:00.08 ; elapsed = 00:00:00.03 . Memory (MB): peak = 3203.125 ; gain = 0.000 ; free physical = 7164 ; free virtual = 16454
INFO: [Common 17-1381] The checkpoint '/home/testpc/fpga_asist_dev/validation_test/si5351_ad9238_hdmi_project/fpga/vivado_gui/oscilloscope_test.runs/impl_1/si5351_ad9238_hdmi_top_test_routed.dcp' has been generated.
INFO: [Common 17-206] Exiting Vivado at Mon Feb 16 16:39:32 2026...

*** Running vivado
    with args -log si5351_ad9238_hdmi_top_test.vdi -applog -m64 -product Vivado -messageDb vivado.pb -mode batch -source si5351_ad9238_hdmi_top_test.tcl -notrace


****** Vivado v2025.1 (64-bit)
  **** SW Build 6140274 on Wed May 21 22:58:25 MDT 2025
  **** IP Build 6138677 on Thu May 22 03:10:11 MDT 2025
  **** SharedData Build 6139179 on Tue May 20 17:58:58 MDT 2025
  **** Start of session at: Mon Feb 16 16:39:44 2026
    ** Copyright 1986-2022 Xilinx, Inc. All Rights Reserved.
    ** Copyright 2022-2025 Advanced Micro Devices, Inc. All Rights Reserved.

source si5351_ad9238_hdmi_top_test.tcl -notrace
Command: open_checkpoint si5351_ad9238_hdmi_top_test_routed.dcp
INFO: [Device 21-403] Loading part xc7z010clg400-1
Netlist sorting complete. Time (s): cpu = 00:00:00 ; elapsed = 00:00:00 . Memory (MB): peak = 1812.906 ; gain = 0.000 ; free physical = 6415 ; free virtual = 15738
INFO: [Netlist 29-17] Analyzing 30 Unisim elements for replacement
INFO: [Netlist 29-28] Unisim Transformation completed in 0 CPU seconds
INFO: [Project 1-479] Netlist was created with Vivado 2025.1
INFO: [Project 1-570] Preparing netlist for logic optimization
Read ShapeDB Complete: Time (s): cpu = 00:00:00 ; elapsed = 00:00:00 . Memory (MB): peak = 1869.781 ; gain = 0.000 ; free physical = 6657 ; free virtual = 15981
INFO: [Timing 38-478] Restoring timing data from binary archive.
INFO: [Timing 38-479] Binary timing data restore complete.
INFO: [Project 1-856] Restoring constraints from binary archive.
INFO: [Project 1-853] Binary constraint restore complete.
INFO: [Designutils 20-5722] Start Reading Physical Databases.
Reading placement.
Read Netlist Cache: Time (s): cpu = 00:00:00 ; elapsed = 00:00:00 . Memory (MB): peak = 2369.438 ; gain = 0.000 ; free physical = 6106 ; free virtual = 15430
Reading placer database...
Read Device Cache: Time (s): cpu = 00:00:00.01 ; elapsed = 00:00:00 . Memory (MB): peak = 2369.438 ; gain = 0.000 ; free physical = 6106 ; free virtual = 15430
Read PlaceDB: Time (s): cpu = 00:00:00.01 ; elapsed = 00:00:00.01 . Memory (MB): peak = 2369.438 ; gain = 0.000 ; free physical = 6106 ; free virtual = 15430
Read PulsedLatchDB: Time (s): cpu = 00:00:00 ; elapsed = 00:00:00 . Memory (MB): peak = 2369.438 ; gain = 0.000 ; free physical = 6106 ; free virtual = 15430
Reading routing.
Read RouteStorage: Time (s): cpu = 00:00:00.01 ; elapsed = 00:00:00.01 . Memory (MB): peak = 2369.438 ; gain = 0.000 ; free physical = 6104 ; free virtual = 15428
Read Physdb Files: Time (s): cpu = 00:00:00.03 ; elapsed = 00:00:00.02 . Memory (MB): peak = 2369.438 ; gain = 0.000 ; free physical = 6104 ; free virtual = 15428
Restored from archive | CPU: 0.040000 secs | Memory: 1.762505 MB |
Finished XDEF File Restore: Time (s): cpu = 00:00:00.04 ; elapsed = 00:00:00.03 . Memory (MB): peak = 2369.438 ; gain = 0.000 ; free physical = 6104 ; free virtual = 15428
Netlist sorting complete. Time (s): cpu = 00:00:00 ; elapsed = 00:00:00 . Memory (MB): peak = 2369.438 ; gain = 0.000 ; free physical = 6104 ; free virtual = 15428
INFO: [Project 1-111] Unisim Transformation Summary:
No Unisim elements were transformed.

INFO: [Project 1-604] Checkpoint was created with Vivado v2025.1 (64-bit) build 6140274
WARNING: [Vivado 12-23575] Critical violations of the methodology design rules detected. Critical violations may contribute to timing failures or cause functional issues in hardware. Run report_methodology for more information.
open_checkpoint: Time (s): cpu = 00:00:09 ; elapsed = 00:00:05 . Memory (MB): peak = 2369.473 ; gain = 837.879 ; free physical = 6103 ; free virtual = 15427
Command: write_bitstream -force si5351_ad9238_hdmi_top_test.bit
Attempting to get a license for feature 'Implementation' and/or device 'xc7z010'
INFO: [Common 17-349] Got license for feature 'Implementation' and/or device 'xc7z010'
Running DRC as a precondition to command write_bitstream
INFO: [IP_Flow 19-234] Refreshing IP repositories
INFO: [IP_Flow 19-1704] No user IP repositories specified
INFO: [IP_Flow 19-2313] Loaded Vivado IP repository '/tools/Xilinx/2025.1/Vivado/data/ip'.
INFO: [DRC 23-27] Running DRC with 8 threads
INFO: [Vivado 12-3199] DRC finished with 0 Errors
INFO: [Vivado 12-3200] Please refer to the DRC report (report_drc) for more information.
INFO: [Designutils 20-2272] Running write_bitstream with 8 threads.
Loading data files...
Loading site data...
Loading route data...
Processing options...
Creating bitmap...
Creating bitstream...
Bitstream compression saved 13649952 bits.
Writing bitstream ./si5351_ad9238_hdmi_top_test.bit...
INFO: [Vivado 12-1842] Bitgen Completed Successfully.
INFO: [Project 1-1876] WebTalk data collection is mandatory when using a ULT device. To see the specific WebTalk data collected for your design, open the usage_statistics_webtalk.html or usage_statistics_webtalk.xml file in the implementation directory.
INFO: [Common 17-83] Releasing license: Implementation
23 Infos, 1 Warnings, 0 Critical Warnings and 0 Errors encountered.
write_bitstream completed successfully
write_bitstream: Time (s): cpu = 00:00:07 ; elapsed = 00:00:10 . Memory (MB): peak = 2826.758 ; gain = 457.285 ; free physical = 6394 ; free virtual = 15684
INFO: [Common 17-206] Exiting Vivado at Mon Feb 16 16:40:01 2026...
[Mon Feb 16 16:40:01 2026] impl_1 finished
wait_on_runs: Time (s): cpu = 00:00:19 ; elapsed = 00:00:18 . Memory (MB): peak = 1639.781 ; gain = 0.000 ; free physical = 8048 ; free virtual = 17337
# puts "\n========================================="

=========================================
# puts "✅ BITSTREAM GENERATED"
✅ BITSTREAM GENERATED
# puts "========================================="
=========================================
# open_run impl_1
INFO: [Device 21-403] Loading part xc7z010clg400-1
Netlist sorting complete. Time (s): cpu = 00:00:00 ; elapsed = 00:00:00.01 . Memory (MB): peak = 1817.070 ; gain = 0.000 ; free physical = 8032 ; free virtual = 17315
INFO: [Netlist 29-17] Analyzing 30 Unisim elements for replacement
INFO: [Netlist 29-28] Unisim Transformation completed in 0 CPU seconds
INFO: [Project 1-479] Netlist was created with Vivado 2025.1
INFO: [Project 1-570] Preparing netlist for logic optimization
Read ShapeDB Complete: Time (s): cpu = 00:00:00 ; elapsed = 00:00:00 . Memory (MB): peak = 1876.914 ; gain = 0.000 ; free physical = 7859 ; free virtual = 17147
INFO: [Timing 38-478] Restoring timing data from binary archive.
INFO: [Timing 38-479] Binary timing data restore complete.
INFO: [Project 1-856] Restoring constraints from binary archive.
INFO: [Project 1-853] Binary constraint restore complete.
INFO: [Designutils 20-5722] Start Reading Physical Databases.
Reading placement.
Read Netlist Cache: Time (s): cpu = 00:00:00 ; elapsed = 00:00:00 . Memory (MB): peak = 2376.570 ; gain = 0.000 ; free physical = 7426 ; free virtual = 16721
Reading placer database...
Read Device Cache: Time (s): cpu = 00:00:00.01 ; elapsed = 00:00:00 . Memory (MB): peak = 2376.570 ; gain = 0.000 ; free physical = 7427 ; free virtual = 16721
Read PlaceDB: Time (s): cpu = 00:00:00.01 ; elapsed = 00:00:00.01 . Memory (MB): peak = 2376.570 ; gain = 0.000 ; free physical = 7427 ; free virtual = 16721
Read PulsedLatchDB: Time (s): cpu = 00:00:00 ; elapsed = 00:00:00 . Memory (MB): peak = 2376.570 ; gain = 0.000 ; free physical = 7427 ; free virtual = 16721
Reading routing.
Read RouteStorage: Time (s): cpu = 00:00:00 ; elapsed = 00:00:00.01 . Memory (MB): peak = 2376.570 ; gain = 0.000 ; free physical = 7427 ; free virtual = 16721
Read Physdb Files: Time (s): cpu = 00:00:00.02 ; elapsed = 00:00:00.02 . Memory (MB): peak = 2376.570 ; gain = 0.000 ; free physical = 7427 ; free virtual = 16721
Restored from archive | CPU: 0.030000 secs | Memory: 1.761452 MB |
Finished XDEF File Restore: Time (s): cpu = 00:00:00.03 ; elapsed = 00:00:00.04 . Memory (MB): peak = 2376.570 ; gain = 0.000 ; free physical = 7427 ; free virtual = 16721
Netlist sorting complete. Time (s): cpu = 00:00:00 ; elapsed = 00:00:00 . Memory (MB): peak = 2376.570 ; gain = 0.000 ; free physical = 7427 ; free virtual = 16721
INFO: [Project 1-111] Unisim Transformation Summary:
No Unisim elements were transformed.

CRITICAL WARNING: [Timing 38-249] Generated clock hdmi_encoder/U0/SerialClk has no logical paths from master clock clk_out1_clk_wiz_0.
Resolution: Review the path between the master clock and the generated clock with the schematic viewer and correct the -source option. If it is correct and the master clock does not have a timing path to the generated clock, define the generated clock as a primary clock by using create_clock.
# set wns [get_property SLACK [get_timing_paths -max_paths 1 -nworst 1]]
CRITICAL WARNING: [Timing 38-249] Generated clock hdmi_encoder/U0/SerialClk has no logical paths from master clock clk_out1_clk_wiz_0.
Resolution: Review the path between the master clock and the generated clock with the schematic viewer and correct the -source option. If it is correct and the master clock does not have a timing path to the generated clock, define the generated clock as a primary clock by using create_clock.
# set whs [get_property SLACK [get_timing_paths -max_paths 1 -nworst 1 -hold]]
# puts "\nTiming Results:"

Timing Results:
# puts "  WNS: $wns ns"
  WNS: 1.427 ns
# puts "  WHS: $whs ns"
  WHS: 0.047 ns
# if {$wns < 0} {
#     puts "\n⚠️  WARNING: Negative WNS - Timing not met!"
# } else {
#     puts "\n✅ Timing constraints met!"
# }

✅ Timing constraints met!
# puts "\nBitstream location:"

Bitstream location:
# puts "  vivado_gui/oscilloscope_test.runs/impl_1/si5351_ad9238_hdmi_top_test.bit"
  vivado_gui/oscilloscope_test.runs/impl_1/si5351_ad9238_hdmi_top_test.bit
# puts "========================================="
=========================================
# close_project
INFO: [Common 17-206] Exiting Vivado at Mon Feb 16 16:40:05 2026...
